,0,1,2,3,4,5,6,7,8,9,10,11,13,14,15,16,17,18,19,20,22,23,24,25,26,27,28,29,30,31,32,33,34,35,36,37,38,39,40,41,42,43,44,45,46,47,48,49,50,51,52,53,54,55,56,57,58,59,60,61,62,63,64,65,66,67,68,69,70,71,72,73,74,75,76,77,78,79,80,81,82,83,84,85,86,87,88,89,90,91,92,93,94,95,96,97,98,99,100,101,102,103,104,105,106,107,108,109,110,112,113,114,115,116,117,118,119,120,121,122,123,124,125,126,127,128,129,130,131,132,133,134,135,136,137,138,139,140,141,142
0,0.0,1210.9540317022554,2276.6169958579435,1997.7483992532987,1933.3283066760969,2222.680032485524,2363.5177407944525,3695.1805506381934,2608.0306012792166,2796.65911432688,3226.3913875593835,3682.852028382884,2770.8908650257536,2770.8908650257536,2770.8908650257536,2945.408218090989,2917.1436998215404,2917.1436998215404,2814.293120252948,3421.532708453896,1933.3283066760969,1861.806474205151,3274.0495353107526,2783.888498664162,3302.9557774159907,3200.770471591494,3239.278928701875,2796.65911432688,2402.1434655505177,2292.472552252108,676.4887869432222,648.2569345973467,660.4425457843636,3478.3640348656627,3436.974710671464,3436.974710671464,2644.836561701823,2660.49448072382,2313.709873382136,2339.939737590999,1178.6929145076783,1067.350289134155,942.5500271230546,2930.1388952065386,2387.968805330181,2514.2768315010344,2769.2875899471865,2975.2111057204634,2664.8393406214614,1310.720255176736,3517.506132468145,2387.7422495613964,2660.49448072382,3239.278928701875,3406.61479575416,3725.425423284959,3695.753247576795,3439.8113015384483,1296.5624014505227,990.9812460668787,909.5785731348539,3226.3913875593835,3322.971743349738,3147.808025580795,3167.3789009784837,3258.2788169504565,3850.9621338988673,3894.688173051771,3711.417944280656,3798.855349957196,2412.879046575109,7570.797814210802,8144.359700084022,8177.095945345781,8177.095945345781,8177.095945345781,4807.014616930396,4667.030467434908,6979.229924386146,8828.17174931719,8669.043085988693,8522.674787756967,9052.704193200498,7335.302820334626,7518.131293180149,4555.670214476588,7875.966773265519,7875.966773265519,7875.966773265519,7831.694051359108,7812.61636998646,7666.210395748854,7666.210395748854,8177.095945345781,8177.095945345781,8177.095945345781,8972.287678499328,8136.212907120529,7235.362891052741,7656.21101210302,8130.025559472574,8147.511527093707,8130.025559472574,7794.45111364681,2395.139422710274,1469.0259925791397,1427.076864223634,5493.790612998721,7189.959791920068,6889.265971346673,7305.270035223893,7398.870625629113,7572.482875158427,7238.764984074728,7603.725742211084,7456.610891500629,7467.701145420184,7452.6342839068775,3550.0096525677714,3662.632836015912,5077.592184357437,4262.176319588413,4372.143200336045,3056.358254927515,3222.68621342322,2119.279473876965,1726.2013660399525,7714.363828377419,8104.831909271608,8131.903590194702,2843.9698407978594,4254.294056922489,4164.777218066891,6361.114159677529,6355.360053263593,4523.814638033548,3285.1998486135567,7866.994685611743,5029.967138574756,4938.5508575364
1,1210.9540317022552,0.0,1730.7591746284272,1451.8905780237822,1243.2789984911826,1532.63072430061,1626.5310496721352,3149.923839188394,2031.5253038827052,2136.1802657221842,2681.1346761095842,3137.5953169330846,2110.4120164210576,2110.4120164210576,2110.4120164210576,2284.929369486293,2256.6648512168445,2256.6648512168445,2153.814271648252,2876.275997004096,1243.2789984911826,1171.7571660202368,2613.570686706056,2123.4096500594655,2642.4769288112943,2540.291622986798,2578.800080097179,2136.1802657221842,1856.886754100719,1264.3538195556853,988.1293398995205,1730.214338967584,1742.399950154601,2772.5631048323453,2776.495862066768,2776.495862066768,1907.849870579506,1970.4451725389051,1653.2310247774403,1679.4608889863034,1279.0014200303751,301.33979351673355,550.102827477967,1930.0376769387328,1387.8675870623765,1486.158098804612,1769.1863716793803,1975.1098874526572,1899.8390245677974,811.906091440561,2764.1324693051374,1650.7555584390789,1970.4451725389051,2578.800080097179,2746.135947149464,3064.946574680263,3035.274398972099,2702.8246104161303,1071.0945882467918,793.1099056243521,505.65615074027596,2681.1346761095842,2777.715031899939,2487.329176976099,2506.9000523737877,3921.3766186755947,4418.505651865084,4462.231691017987,4278.9614622468725,4366.398867923412,2980.4225645413258,8138.341332177018,8711.903218050238,8744.639463311998,8744.639463311998,8744.639463311998,5374.5581348966125,5234.5739854011235,7546.773442352362,9395.715267283405,9236.586603954904,9090.218305723178,9620.247711166709,7902.846338300841,8085.674811146365,5437.888019507503,8443.510291231734,8443.510291231734,8443.510291231734,8399.237569325323,8380.159887952675,8233.753913715072,8233.753913715072,8744.639463311998,8744.639463311998,8744.639463311998,9539.831196465539,8703.75642508674,7802.906409018957,8223.754530069236,8697.569077438797,8715.055045059928,8697.569077438797,8361.994631613024,2962.682940676491,2036.5695105453576,2083.109797608066,6061.334130964939,7757.503309886283,7456.809489312888,7872.813553190108,7966.414143595329,8140.026393124643,7806.3085020409435,8171.2692601773,8024.154409466844,8035.244663386399,8020.177801873093,4117.553170533987,4230.176353982128,5645.135702323657,4829.719837554633,4939.686718302265,3623.901772893732,3790.229731389437,2745.2066089312198,2293.74488400617,8281.907346343634,8672.375427237817,8699.44710816091,3411.513358764076,4761.685841865091,4756.194004654064,6928.657677643746,6922.90357122981,5091.358155999764,3852.7433665797735,8434.538203577958,5597.510656540972,5506.094375502616
2,2276.616995857944,1730.7591746284274,0.0,278.868596604645,487.4801761372445,472.6280868876199,640.1971121153748,1583.4078539409732,452.21542175149847,701.9022358705239,1114.6186908621644,1571.0793316856634,676.1339865693969,676.1339865693969,676.1339865693969,850.6513396346324,822.3868213651839,822.3868213651839,719.5362417965916,1309.760011756676,487.4801761372445,559.0020086081902,1179.2926568543965,689.1316202078051,1208.198898959634,1106.0135931351372,1144.5220502455193,701.9022358705239,343.67253021614727,1349.3463771606293,1616.1180633472943,2759.692336227395,2771.877947414412,1444.5640534589818,1342.2178322151078,1342.2178322151078,921.5159330227453,738.6515470330199,285.9481439626052,312.17800817146826,1355.7239654387688,1963.7318036100526,2212.4948375712866,1682.0049281487206,1254.671846009208,1552.2217716188657,1578.8930898728183,1774.773709378355,1053.6472863969198,1078.9569579301165,1808.268149361791,664.4216208823185,738.6515470330199,1144.5220502455193,1311.8579172978039,1630.6685448286023,1600.996369120438,1548.6474559600874,1056.9084171400177,1596.7244199451034,1827.2527923272332,1114.6186908621644,1211.199046652519,1053.051147124439,1072.6220225221275,4979.213427355863,5582.067857346094,5625.793896498997,5442.523667727883,5529.961073404423,4143.984770022336,9301.903537658025,9875.465423531245,9908.201668793005,9908.201668793005,9908.201668793005,6538.120340377623,6398.136190882134,8710.335647833368,10559.277472764416,10400.148809435921,10253.780511204195,10783.809916647726,9066.408543781847,9249.237016627372,6162.337423302327,9607.072496712744,9607.072496712744,9607.072496712744,9562.799774806334,9543.722093433686,9397.31611919609,9397.31611919609,9908.201668793005,9908.201668793005,9908.201668793005,10703.393401946556,9867.318630567757,8966.46861449997,9387.316735550254,9861.131282919805,9878.617250540936,9861.131282919805,9525.556837094033,4126.245146157502,3200.131716026369,3246.6720030890774,7224.8963364459505,8921.065515367292,8620.3716947939,9036.375758671118,9129.976349076338,9303.588598605651,8969.870707521952,9334.831465658306,9187.71661494785,9198.806868867405,9183.740007354101,5281.115376014997,5393.738559463139,6808.697907804667,5993.282043035643,6103.248923783275,4787.463978374744,4953.791936870446,3820.783043249286,3457.307089487181,9445.46955182464,9835.937632718824,9863.009313641916,4575.075564245088,5985.399780369718,5919.756210135077,8092.219883124758,8086.465776710822,6254.920361480774,5016.305572060785,9598.100409058969,6761.0728620219825,6669.656580983626
3,1997.7483992532993,1451.8905780237822,278.868596604645,0.0,208.61157953259956,482.47468974133704,781.8446785928465,1698.033261164613,610.2822020259182,859.9690161449438,1229.2440980858044,1685.7047389093032,834.2007668438168,834.2007668438168,834.2007668438168,1008.7181199090523,980.4536016396038,980.4536016396038,877.6030220710115,1424.385418980316,208.61157953259956,280.1334120035453,1337.3594371288161,847.198400482225,1366.265679234054,1264.080373409557,1302.5888305199392,859.9690161449438,404.99617607693745,1395.1290801267219,1337.2494667426497,2480.8237396227505,2493.0093508097675,1602.6308337334017,1500.2846124895277,1500.2846124895277,1063.163499500217,896.7183273074397,444.01492423702496,470.24478844588805,1076.8553688341235,1684.8632070054073,1933.6262409666413,1815.5699273977223,1359.9557829942223,1639.7195151338544,1712.4580891218204,1908.338708627357,1187.2122856459216,800.0883613254714,1966.3349296362107,806.0691873597902,896.7183273074397,1302.5888305199392,1469.9246975722235,1788.7353251030222,1759.0631493948579,1706.714236234507,778.0398205353725,1317.8558233404583,1548.3841957225882,1229.2440980858044,1325.8244538761592,1211.117927398859,1230.6888027965474,4700.344830751219,5303.19926074145,5346.925299894354,5163.6550711232385,5251.092476799779,3865.116173417692,9023.034941053382,9596.596826926603,9629.333072188363,9629.333072188363,9629.333072188363,6259.2517437729775,6119.2675942774895,8431.467051228727,10280.40887615977,10121.280212831276,9974.91191459955,10504.94132004308,8787.539947177203,8970.368420022729,5883.468826697682,9328.2039001081,9328.2039001081,9328.2039001081,9283.931178201688,9264.85349682904,9118.447522591445,9118.447522591445,9629.333072188363,9629.333072188363,9629.333072188363,10424.52480534191,9588.450033963112,8687.600017895325,9108.448138945609,9582.262686315164,9599.748653936294,9582.262686315164,9246.688240489391,3847.3765495528573,2921.2631194217242,2967.803406484433,6946.027739841305,8642.19691876265,8341.503098189256,8757.507162066475,8851.107752471695,9024.720002001008,8691.002110917309,9055.962869053663,8908.848018343208,8919.938272262762,8904.871410749458,5002.246779410353,5114.869962858495,6529.829311200022,5714.413446430998,5824.38032717863,4508.595381770099,4674.923340265803,3541.914446644642,3178.4384928825366,9166.60095522,9557.06903611418,9584.140717037273,4296.206967640443,5706.531183765074,5640.887613530432,7813.351286520113,7807.597180106177,5976.05176487613,4737.43697545614,9319.231812454324,6482.204265417337,6390.7879843789815
4,1933.3283066760966,1243.2789984911824,487.4801761372445,208.61157953259956,0.0,289.35172580942765,573.233099060247,1906.6448406972124,788.2463053915228,892.9012672310024,1437.855677618404,1894.3163184419027,867.1330179298755,867.1330179298755,867.1330179298755,1041.650370995111,1013.3858527256624,1013.3858527256624,910.5352731570702,1632.9969985129155,0.0,71.52183247094574,1370.2916882148747,880.1306515682836,1399.1979303201126,1297.0126244956157,1335.5210816059978,892.9012672310024,613.6077556095369,1186.5175005941226,1349.2639423974285,2416.403647045548,2428.589258232565,1545.0357281895642,1533.2168635755863,1533.2168635755863,854.5519199676176,727.1661740477226,409.95202628625793,436.181890495121,1119.794571477535,1476.2516274728075,1725.0146614340415,1606.9583478651227,1151.3442034616228,1431.107935601255,1503.8465095892204,1699.7271290947572,978.6007061133218,622.6080514993611,1775.8510371863522,597.4576078271907,727.1661740477226,1335.5210816059978,1502.8569486582824,1821.6675761890808,1791.9954004809165,1537.1620829747903,869.266809386432,1140.3755135143474,1370.9038858964773,1437.855677618404,1534.4360334087587,1244.0501784849175,1263.621053882606,4741.650134974758,5238.779168164248,5282.505207317152,5099.234978546036,5186.672384222577,3800.6960808404897,8958.614848476178,9532.1767343494,9564.91297961116,9564.91297961116,9564.91297961116,6194.8316511957755,6054.847501700287,8367.046958651525,10215.988783582567,10056.860120254072,9910.491822022346,10440.521227465877,8723.1198546,8905.948327445525,5926.4080293410925,9263.783807530896,9263.783807530896,9263.783807530896,9219.511085624485,9200.433404251837,9054.027430014241,9054.027430014241,9564.91297961116,9564.91297961116,9564.91297961116,10360.104712764707,9524.029941385908,8623.179925318122,9044.028046368405,9517.84259373796,9535.32856135909,9517.84259373796,9182.268147912187,3782.956456975655,2856.843026844522,2903.3833139072303,6881.6076472641025,8577.776826185445,8277.083005612052,8693.087069489271,8786.687659894491,8960.299909423804,8626.582018340105,8991.542776476459,8844.427925766004,8855.518179685558,8840.451318172254,4937.82668683315,5050.449870281292,6465.409218622818,5649.993353853794,5759.960234601426,4444.175289192896,4610.503247688601,3565.4801252303837,3114.018400305334,9102.180862642796,9492.648943536977,9519.72062446007,4231.786875063241,5617.877724043637,5576.467520953228,7748.93119394291,7743.177087528974,5911.631672298927,4673.0168828789365,9254.81171987712,6417.784172840135,6326.367891801779
5,2222.680032485525,1532.6307243006104,472.6280868876198,482.474689741337,289.35172580942765,0.0,436.5877584772809,1763.4229367515961,632.2305045621217,736.8854664016014,1294.6337736727876,1751.0944144962864,711.1172171004745,711.1172171004745,711.1172171004745,885.63457016571,857.3700518962614,857.3700518962614,754.5194723276692,1489.7750945672992,289.35172580942765,360.8735582803734,1214.2758873854739,724.1148507388826,1243.1821294907115,1140.9968236662146,1179.5052807765967,736.8854664016014,684.1510680955887,1145.7370235225349,1638.615668206856,2705.7553728549756,2717.9409840419926,1352.911747536767,1377.2010627461852,1377.2010627461852,717.9065793846515,535.0421933949259,253.93622545685707,280.16608966572016,1409.1462972869629,1765.6033532822355,2014.3663872434695,1478.3955745106261,1051.0624923711136,1348.6124179807712,1375.2837362347243,1571.164355740261,850.0379327588257,911.9597773087887,1604.658795723697,460.81226724422464,535.0421933949259,1179.5052807765967,1346.8411478288813,1665.6517753596797,1635.9795996515154,1345.0381023219932,1158.6185351958597,1429.7272393237754,1660.2556117059053,1294.6337736727876,1391.2141294631424,1088.0343776555164,1107.605253053205,5031.001860784186,5528.1308939736755,5571.856933126579,5388.586704355464,5476.0241100320045,4090.047806649917,9247.966574285607,9821.528460158826,9854.264705420586,9854.264705420586,9854.264705420586,6484.183377005203,6344.199227509715,8656.39868446095,10505.340509391996,10346.211846063501,10199.843547831775,10729.872953275306,9012.471580409428,9195.300053254954,6215.759755150521,9553.135533340324,9553.135533340324,9553.135533340324,9508.862811433914,9489.785130061266,9343.37915582367,9343.37915582367,9854.264705420586,9854.264705420586,9854.264705420586,10649.456438574136,9813.381667195337,8912.53165112755,9333.379772177834,9807.194319547387,9824.680287168518,9807.194319547387,9471.619873721615,4072.3081827850824,3146.1947526539493,3192.735039716658,7170.9593730735305,8867.128551994874,8566.434731421481,8982.4387952987,9076.03938570392,9249.651635233233,8915.933744149534,9280.894502285888,9133.779651575433,9144.869905494987,9129.803043981683,5227.178412642578,5339.80159609072,6754.760944432247,5939.345079663223,6049.311960410855,4733.527015002324,4899.854973498028,3854.831851039811,3403.3701261147617,9391.532588452223,9782.000669346406,9809.072350269498,4521.138600872669,5907.229449853065,5865.819246762657,8038.282919752338,8032.528813338402,6200.983398108355,4962.368608688365,9544.163445686549,6707.1358986495625,6615.719617611207
6,2363.5177407944525,1626.5310496721352,640.1971121153749,781.8446785928465,573.233099060247,436.58775847728094,0.0,1930.9919619793516,799.7995297898769,904.4544916293565,1462.202798900543,1918.6634397240418,878.6862423282296,878.6862423282296,878.6862423282296,1053.2035953934649,1024.9390771240164,1024.9390771240164,922.0884975554243,1657.3441197950547,573.233099060247,501.7112665893013,1381.8449126132289,891.6838759666377,1410.7511547184668,1308.5658488939698,1347.074306004352,904.4544916293565,863.0678260012968,822.6420772514031,1779.4533765157842,2846.593081163904,2858.778692350921,1146.0320551602094,1410.7533385154018,1410.7533385154018,281.3188209073706,702.611218622681,421.50525068461207,447.73511489347516,1549.984005595891,1859.5036786537603,2108.2667126149945,1051.5623712004353,727.9675460999815,1025.517471709639,948.4505329245326,1144.3311524300698,423.20472944863394,1052.7974856177166,1202.617938126105,24.224508766943742,702.611218622681,1347.074306004352,1405.8528489371297,1724.6634764679284,1694.991300759764,1076.2935607439947,1299.4562435047878,1570.5649476327035,1801.0933200148334,1462.202798900543,1558.7831546908978,1255.6034028832717,1275.1742782809602,5171.839569093114,5668.968602282603,5712.694641435506,5529.424412664392,5616.861818340932,4230.885514958844,9388.804282594534,9962.366168467754,9995.102413729514,9995.102413729514,9995.102413729514,6625.021085314132,6485.036935818643,8797.236392769877,10646.178217700925,10487.04955437243,10340.681256140704,10870.710661584235,9153.309288718356,9336.137761563881,6356.597463459449,9693.973241649253,9693.973241649253,9693.973241649253,9649.700519742843,9630.622838370195,9484.216864132599,9484.216864132599,9995.102413729514,9995.102413729514,9995.102413729514,10790.294146883065,9954.219375504266,9053.36935943648,9474.217480486763,9948.032027856314,9965.517995477445,9948.032027856314,9612.457582030542,4213.145891094011,3287.0324609628774,3333.572748025586,7311.7970813824595,9007.966260303801,8707.272439730408,9123.276503607627,9216.877094012847,9390.48934354216,9056.77145245846,9421.732210594815,9274.61735988436,9285.707613803914,9270.64075229061,5368.016120951506,5480.639304399648,6895.598652741176,6080.182787972152,6190.149668719784,4874.364723311253,5040.692681806955,3995.6695593487393,3544.2078344236897,9532.37029676115,9922.838377655333,9949.910058578425,4661.976309181597,6001.129775224589,6006.656955071586,8179.120628061267,8173.366521647331,6341.821106417283,5103.206316997294,9685.001153995478,6847.9736069584915,6756.557325920135
7,3695.180550638193,3149.923839188395,1583.4078539409738,1698.0332611646127,1906.6448406972122,1763.4229367515968,1930.9919619793518,0.0,1131.192432189475,1044.4207071074693,786.3850677953808,12.32852225530972,1070.1889564085964,1070.1889564085964,1070.1889564085964,1049.3551290012665,1021.0906107318181,1021.0906107318181,1026.7867011814017,981.5263886898928,1906.6448406972122,1978.166673168158,1783.1463792101824,1292.9853425635913,1812.0526213154203,867.3248208967815,905.8332780071635,1044.4207071074693,1293.0370850876757,2640.1412270246055,3034.681618127544,4054.6387242941814,4042.4531131071644,951.2108116069272,826.2403420952528,826.2403420952528,1792.1957318237862,1755.5914956376105,1509.48671129474,1535.716575503603,2699.3768368103874,3382.8964681700204,3631.6595021312537,2326.2464817263312,2466.249330619165,2675.066353006381,2479.523696589642,2591.877237042733,1965.6875819796082,2498.121622490084,1787.6795753000265,1942.2556043736658,1755.5914956376105,905.8332780071635,783.9772990310084,1102.7879265618071,1073.1157508536428,1066.6257268449604,2475.471971920267,3015.889084505071,3246.417456887201,786.3850677953808,975.4632398052897,741.5213325713431,873.8814537477027,6308.675702953289,7000.6314121263495,7044.357451279253,6861.0872225081375,6948.5246281846785,5562.54832480259,10720.46709243828,11294.028978311502,11326.765223573262,11326.765223573262,11326.765223573262,7956.683895157877,7816.6997456623885,10128.89920261363,11977.841027544671,11818.712364216177,11672.344065984451,12202.373471427982,10484.972098562102,10667.800571407628,7491.799698899754,11025.636051493,11025.636051493,11025.636051493,10981.36332958659,10962.285648213941,10815.879673976346,10815.879673976346,11326.765223573262,11326.765223573262,11326.765223573262,12121.956956726812,11285.882185348013,10385.032169280226,10805.88029033051,11279.694837700063,11297.180805321193,11279.694837700063,10944.12039187429,5544.808700937757,4618.69527080662,4665.235557869328,8643.459891226199,10339.629070147554,10038.93524957416,10454.93931345138,10548.539903856594,10722.152153385907,10388.434262302208,10753.395020438562,10606.280169728107,10617.37042364766,10602.303562134357,6699.678930795252,6812.302114243394,8227.261462584922,7411.845597815897,7521.812478563529,6206.027533154998,6372.355491650702,5150.245318846713,4875.870644267434,10864.033106604898,11254.50118749908,11281.572868422172,5993.639119025343,7403.963335149973,7338.319764915331,9510.783437905004,9505.029331491069,7673.483916261029,6434.869126841039,11016.663963839224,8179.636416802236,8088.2201357638805
8,2608.030601279216,2031.5253038827054,452.2154217514984,610.2822020259182,788.2463053915225,632.2305045621217,799.7995297898767,1131.1924321894749,0.0,432.4570348682196,662.4032691106661,1118.8639099341651,406.6887855670926,406.6887855670926,406.6887855670926,581.2061386323281,552.9416203628796,552.9416203628796,450.0910407942873,857.5445900051781,788.2463053915225,859.7681378624682,909.8474558520926,419.6864192055011,938.7536979573302,836.5683921328329,875.0768492432148,432.4570348682196,255.61227246897298,1508.9487948351311,1947.5316687685674,3049.0178129831297,3036.8322017961127,1175.1188524566776,1072.7726312128038,1072.7726312128038,1045.036173189649,624.3990634481356,378.29427910526465,404.52414331412774,1661.9520241916846,2264.497932864331,2513.260966825564,1579.0869230921942,1414.2742636837102,1711.824189293368,1732.364137955505,1899.2812180038343,1213.2497040714218,1381.283897310664,1694.0156657769066,824.0240385568204,624.3990634481356,875.0768492432148,1042.4127162954996,1361.2233438262983,1331.551168118134,1290.5337676947106,1388.3220225612909,1899.051359325651,2129.579731707781,662.4032691106661,758.9836249010204,783.6059461221345,803.1768215198232,5271.250890334586,5913.481462767368,5957.207501920271,5773.937273149157,5861.374678825697,4475.398375443609,9633.3171430793,10206.879028952522,10239.615274214282,10239.615274214282,10239.615274214282,6869.533945798897,6729.549796303408,9041.749253254646,10890.691078185688,10731.562414857193,10585.194116625467,11115.223522068998,9397.822149203123,9580.650622048648,6454.374886281049,9938.486102134017,9938.486102134017,9938.486102134017,9894.213380227606,9875.135698854958,9728.729724617362,9728.729724617362,10239.615274214282,10239.615274214282,10239.615274214282,11034.807007367828,10198.73223598903,9297.882219921243,9718.730340971526,10192.544888341083,10210.030855962214,10192.544888341083,9856.97044251531,4457.658751578776,3531.5453214476415,3578.08560851035,7556.309941867225,9252.47912078857,8951.785300215177,9367.789364092396,9461.389954497614,9635.002204026927,9301.284312943228,9666.245071079582,9519.130220369127,9530.22047428868,9515.153612775377,5612.528981436271,5725.152164884413,7140.111513225941,6324.695648456917,6434.662529204549,5118.877583796018,5285.20554229172,4112.820506228009,3788.720694908454,9776.883157245918,10167.3512381401,10194.422919063192,4906.489169666362,6316.8133857909925,6251.169815556351,8423.633488546031,8417.879382132096,6586.333966902048,5347.719177482059,9929.51401448024,7092.4864674432565,7001.0701864049
9,2796.659114326879,2136.1802657221847,701.9022358705238,859.9690161449435,892.9012672310018,736.8854664016011,904.4544916293561,1044.4207071074693,432.4570348682195,0.0,575.6315440286605,1032.0921848521596,25.76824930112696,25.76824930112696,25.76824930112696,148.74910376410847,120.48458549465991,120.48458549465991,17.634005926067715,770.7728649231725,892.9012672310018,964.4230997019475,738.7256721027136,248.5646354561222,767.6319142079514,404.1113572646132,442.61981437499526,0.0,688.0693073371925,1613.6037566746104,2142.7380970359436,3279.7344546963304,3291.9200658833474,742.6618175884581,640.3155963445843,640.3155963445843,1079.5071180634818,729.0540252876151,482.94924094474413,509.1791051536072,1913.2687261160504,2369.15289470381,2617.9159286650433,1613.5578679660273,1518.929225523189,1816.4791511328467,1766.835082829338,1933.7521628776674,1252.9989682193038,1485.9388591501433,1312.413067822693,928.6790003962998,729.0540252876151,442.61981437499526,609.9556814272801,928.7663089580791,899.0941332499145,858.0767328264911,1638.008836680316,2003.7063211651302,2234.23469354726,575.6315440286605,709.5622731967641,351.148911253915,370.7197866516036,5536.758188033144,6102.109975815032,6145.836014967936,5962.56578619682,6050.003191873361,4664.026888491273,9821.945656126962,10395.507542000183,10428.243787261943,10428.243787261943,10428.243787261943,7058.162458846559,6918.178309351071,9230.377766302312,11079.31959123335,10920.190927904856,10773.82262967313,11303.85203511666,9586.450662250783,9769.279135096309,6719.882183979608,10127.11461518168,10127.11461518168,10127.11461518168,10082.841893275268,10063.76421190262,9917.358237665025,9917.358237665025,10428.243787261943,10428.243787261943,10428.243787261943,11223.43552041549,10387.360749036692,9486.510732968905,9907.358854019189,10381.173401388744,10398.659369009874,10381.173401388744,10045.598955562971,4646.2872646264395,3720.173834495304,3766.7141215580127,7744.938454914887,9441.107633836236,9140.413813262843,9556.417877140062,9650.018467545275,9823.630717074588,9489.912825990888,9854.873584127243,9707.758733416787,9718.848987336341,9703.782125823038,5801.157494483935,5913.780677932076,7328.740026273604,6513.32416150458,6623.291042252212,5307.506096843681,5473.834055339385,4378.327803926568,3977.3492079561165,9965.51167029358,10355.97975118776,10383.051432110853,5095.117682714025,6505.441898838656,6439.7983286040135,8612.262001593692,8606.507895179757,6774.962479949711,5536.347690529722,10118.142527527903,7281.114980490919,7189.698699452563
10,3226.3913875593844,2681.134676109587,1114.6186908621642,1229.2440980858041,1437.8556776184037,1294.6337736727874,1462.2027989005423,786.3850677953807,662.4032691106657,575.6315440286605,0.0,774.0565455400709,601.3997933297875,601.3997933297875,601.3997933297875,580.5659659224576,552.3014476530091,552.3014476530091,557.9975381025928,195.14132089451198,1437.8556776184037,1509.3775100893495,1314.3572161313741,824.1961794847829,1343.2634582366118,564.6495147546518,603.1579718650339,575.6315440286605,824.2479220088667,2171.3520639457965,2565.8924550487354,3585.849561215373,3573.663950028356,903.1999750784967,800.8537538346229,800.8537538346229,1354.0709423608448,1286.8023325588015,1040.6975482159305,1066.9274124247936,2230.587673731578,2914.1073050912123,3162.8703390524456,1888.12169226339,2028.1245411562231,2236.9415635434393,2041.3989071267008,2208.315987175031,1527.5627925166668,2029.332459411276,1526.282230430354,1486.427307667486,1286.8023325588015,603.1579718650339,770.4938389173187,1089.3044664481174,1059.632290739953,1018.6148903165297,2006.6828088414582,2547.099921426263,2777.6282938083928,0.0,506.6740767264807,511.68706874395355,531.2579441416423,5839.886539874479,6531.8422490475405,6575.568288200444,6392.2980594293285,6479.7354651058695,5093.759161723781,10251.677929359472,10825.239815232693,10857.976060494453,10857.976060494453,10857.976060494453,7487.894732079068,7347.9105825835795,9660.11003953482,11509.051864465862,11349.923201137368,11203.554902905642,11733.584308349173,10016.182935483293,10199.011408328819,7023.010535820943,10556.846888414191,10556.846888414191,10556.846888414191,10512.57416650778,10493.496485135132,10347.090510897537,10347.090510897537,10857.976060494453,10857.976060494453,10857.976060494453,11653.167793648003,10817.093022269204,9916.243006201417,10337.0911272517,10810.905674621254,10828.391642242384,10810.905674621254,10475.331228795481,5076.019537858948,4149.906107727811,4196.446394790519,8174.6707281473955,9870.839907068745,9570.146086495351,9986.15015037257,10079.750740777785,10253.362990307098,9919.645099223399,10284.605857359753,10137.491006649298,10148.581260568852,10133.514399055548,6230.889767716443,6343.512951164585,7758.472299506112,6943.056434737088,7053.02331548472,5737.238370076189,5903.566328571893,4681.4561557679035,4407.081481188625,10395.24394352609,10785.71202442027,10812.783705343363,5524.849955946534,6935.174172071164,6869.530601836522,9041.994274826198,9036.240168412263,7204.69475318222,5966.07996376223,10547.874800760415,7710.8472537234275,7619.4309726850715
11,3682.852028382883,3137.5953169330846,1571.079331685664,1685.7047389093027,1894.3163184419022,1751.094414496287,1918.6634397240418,12.32852225530972,1118.8639099341653,1032.0921848521598,774.056545540071,0.0,1057.8604341532869,1057.8604341532869,1057.8604341532869,1037.0266067459568,1008.7620884765083,1008.7620884765083,1014.458178926092,969.197866434583,1894.3163184419022,1965.838150912848,1770.817856954873,1280.6568203082818,1799.7240990601108,854.9962986414718,893.5047557518537,1032.0921848521598,1280.708562832366,2627.8127047692956,3022.353095872234,4042.3102020388715,4030.1245908518545,938.8822893516175,813.9118198399431,813.9118198399431,1779.8672095684767,1743.2629733823007,1497.1581890394302,1523.3880532482933,2687.0483145550775,3370.56794591471,3619.3309798759433,2313.9179594710217,2453.9208083638555,2662.7378307510717,2467.1951743343325,2579.5487147874237,1953.3590597242987,2485.793100234774,1775.351053044717,1929.9270821183563,1743.2629733823007,893.5047557518537,771.6487767756987,1090.4594043064974,1060.787228598333,1054.2972045896506,2463.143449664957,3003.5605622497615,3234.088934631891,774.056545540071,963.13471754998,729.1928103160334,861.552931492393,6296.347180697979,6988.302889871038,7032.028929023942,6848.758700252827,6936.196105929367,5550.21980254728,10708.138570182971,11281.700456056193,11314.436701317953,11314.436701317953,11314.436701317953,7944.355372902567,7804.371223407078,10116.570680358318,11965.51250528936,11806.383841960866,11660.01554372914,12190.04494917267,10472.643576306793,10655.472049152319,7479.4711766444425,11013.307529237689,11013.307529237689,11013.307529237689,10969.034807331278,10949.95712595863,10803.551151721034,10803.551151721034,11314.436701317953,11314.436701317953,11314.436701317953,12109.6284344715,11273.553663092702,10372.703647024915,10793.551768075198,11267.366315444753,11284.852283065884,11267.366315444753,10931.79186961898,5532.480178682446,4606.36674855131,4652.907035614017,8631.13136897089,10327.300547892242,10026.60672731885,10442.610791196068,10536.211381601284,10709.823631130597,10376.105740046898,10741.066498183252,10593.951647472797,10605.041901392351,10589.975039879047,6687.350408539942,6799.973591988083,8214.932940329612,7399.517075560588,7509.48395630822,6193.699010899689,6360.026969395391,5137.916796591403,4863.542122012123,10851.704584349589,11242.17266524377,11269.244346166863,5981.310596770032,7391.634812894663,7325.991242660021,9498.454915649694,9492.70080923576,7661.155394005718,6422.54060458573,11004.335441583913,8167.307894546927,8075.89161350857
13,2770.8908650257517,2110.4120164210576,676.1339865693968,834.2007668438165,867.133017929875,711.1172171004742,878.6862423282292,1070.1889564085964,406.6887855670926,25.76824930112696,601.3997933297876,1057.8604341532866,0.0,0.0,0.0,174.51735306523543,146.25283479578687,146.25283479578687,43.40225522719467,796.5411142242996,867.133017929875,938.6548504008207,712.9574228015866,222.79638615499522,741.8636649068244,429.8796065657402,468.3880636761222,25.76824930112696,662.3010580360657,1587.8355073734833,2116.9698477348165,3253.9662053952034,3266.1518165822204,768.4300668895851,666.0838456457113,666.0838456457113,1105.2753673646087,703.2857759864881,457.1809916436172,483.41085585248027,1887.5004768149236,2343.384645402683,2592.1476793639163,1639.326117267154,1493.1609762220623,1790.71090183172,1792.6033321304647,1959.520412178794,1278.7672175204307,1460.1706098490163,1338.18131712382,902.9107510951729,703.2857759864881,468.3880636761222,635.723930728407,954.5345582592059,924.8623825510414,883.8449821276181,1612.2405873791893,1977.9380718640032,2208.466444246133,601.3997933297876,735.330522497891,376.91716055504196,396.48803595273057,5510.989938732017,6076.341726513905,6120.067765666809,5936.797536895693,6024.234942572234,4638.258639190146,9796.177406825835,10369.739292699056,10402.475537960816,10402.475537960816,10402.475537960816,7032.394209545432,6892.410060049944,9204.609517001185,11053.551341932223,10894.422678603729,10748.054380372003,11278.083785815534,9560.682412949656,9743.510885795182,6694.113934678481,10101.346365880552,10101.346365880552,10101.346365880552,10057.073643974141,10037.995962601493,9891.589988363898,9891.589988363898,10402.475537960816,10402.475537960816,10402.475537960816,11197.667271114364,10361.592499735565,9460.742483667778,9881.590604718062,10355.405152087616,10372.891119708747,10355.405152087616,10019.830706261844,4620.5190153253125,3694.405585194177,3740.9458722568857,7719.17020561376,9415.33938453511,9114.645563961716,9530.649627838935,9624.250218244148,9797.86246777346,9464.144576689761,9829.105334826116,9681.99048411566,9693.080738035214,9678.01387652191,5775.389245182808,5888.012428630949,7302.971776972477,6487.555912203453,6597.522792951085,5281.737847542554,5448.0658060382575,4352.559554625441,3951.5809586549894,9939.743420992452,10330.211501886633,10357.283182809726,5069.349433412898,6479.673649537529,6414.030079302886,8586.493752292567,8580.739645878632,6749.194230648584,5510.579441228595,10092.374278226776,7255.346731189792,7163.930450151436
14,2770.8908650257517,2110.4120164210576,676.1339865693968,834.2007668438165,867.133017929875,711.1172171004742,878.6862423282292,1070.1889564085964,406.6887855670926,25.76824930112696,601.3997933297876,1057.8604341532866,0.0,0.0,0.0,174.51735306523543,146.25283479578687,146.25283479578687,43.40225522719467,796.5411142242996,867.133017929875,938.6548504008207,712.9574228015866,222.79638615499522,741.8636649068244,429.8796065657402,468.3880636761222,25.76824930112696,662.3010580360657,1587.8355073734833,2116.9698477348165,3253.9662053952034,3266.1518165822204,768.4300668895851,666.0838456457113,666.0838456457113,1105.2753673646087,703.2857759864881,457.1809916436172,483.41085585248027,1887.5004768149236,2343.384645402683,2592.1476793639163,1639.326117267154,1493.1609762220623,1790.71090183172,1792.6033321304647,1959.520412178794,1278.7672175204307,1460.1706098490163,1338.18131712382,902.9107510951729,703.2857759864881,468.3880636761222,635.723930728407,954.5345582592059,924.8623825510414,883.8449821276181,1612.2405873791893,1977.9380718640032,2208.466444246133,601.3997933297876,735.330522497891,376.91716055504196,396.48803595273057,5510.989938732017,6076.341726513905,6120.067765666809,5936.797536895693,6024.234942572234,4638.258639190146,9796.177406825835,10369.739292699056,10402.475537960816,10402.475537960816,10402.475537960816,7032.394209545432,6892.410060049944,9204.609517001185,11053.551341932223,10894.422678603729,10748.054380372003,11278.083785815534,9560.682412949656,9743.510885795182,6694.113934678481,10101.346365880552,10101.346365880552,10101.346365880552,10057.073643974141,10037.995962601493,9891.589988363898,9891.589988363898,10402.475537960816,10402.475537960816,10402.475537960816,11197.667271114364,10361.592499735565,9460.742483667778,9881.590604718062,10355.405152087616,10372.891119708747,10355.405152087616,10019.830706261844,4620.5190153253125,3694.405585194177,3740.9458722568857,7719.17020561376,9415.33938453511,9114.645563961716,9530.649627838935,9624.250218244148,9797.86246777346,9464.144576689761,9829.105334826116,9681.99048411566,9693.080738035214,9678.01387652191,5775.389245182808,5888.012428630949,7302.971776972477,6487.555912203453,6597.522792951085,5281.737847542554,5448.0658060382575,4352.559554625441,3951.5809586549894,9939.743420992452,10330.211501886633,10357.283182809726,5069.349433412898,6479.673649537529,6414.030079302886,8586.493752292567,8580.739645878632,6749.194230648584,5510.579441228595,10092.374278226776,7255.346731189792,7163.930450151436
15,2770.8908650257517,2110.4120164210576,676.1339865693968,834.2007668438165,867.133017929875,711.1172171004742,878.6862423282292,1070.1889564085964,406.6887855670926,25.76824930112696,601.3997933297876,1057.8604341532866,0.0,0.0,0.0,174.51735306523543,146.25283479578687,146.25283479578687,43.40225522719467,796.5411142242996,867.133017929875,938.6548504008207,712.9574228015866,222.79638615499522,741.8636649068244,429.8796065657402,468.3880636761222,25.76824930112696,662.3010580360657,1587.8355073734833,2116.9698477348165,3253.9662053952034,3266.1518165822204,768.4300668895851,666.0838456457113,666.0838456457113,1105.2753673646087,703.2857759864881,457.1809916436172,483.41085585248027,1887.5004768149236,2343.384645402683,2592.1476793639163,1639.326117267154,1493.1609762220623,1790.71090183172,1792.6033321304647,1959.520412178794,1278.7672175204307,1460.1706098490163,1338.18131712382,902.9107510951729,703.2857759864881,468.3880636761222,635.723930728407,954.5345582592059,924.8623825510414,883.8449821276181,1612.2405873791893,1977.9380718640032,2208.466444246133,601.3997933297876,735.330522497891,376.91716055504196,396.48803595273057,5510.989938732017,6076.341726513905,6120.067765666809,5936.797536895693,6024.234942572234,4638.258639190146,9796.177406825835,10369.739292699056,10402.475537960816,10402.475537960816,10402.475537960816,7032.394209545432,6892.410060049944,9204.609517001185,11053.551341932223,10894.422678603729,10748.054380372003,11278.083785815534,9560.682412949656,9743.510885795182,6694.113934678481,10101.346365880552,10101.346365880552,10101.346365880552,10057.073643974141,10037.995962601493,9891.589988363898,9891.589988363898,10402.475537960816,10402.475537960816,10402.475537960816,11197.667271114364,10361.592499735565,9460.742483667778,9881.590604718062,10355.405152087616,10372.891119708747,10355.405152087616,10019.830706261844,4620.5190153253125,3694.405585194177,3740.9458722568857,7719.17020561376,9415.33938453511,9114.645563961716,9530.649627838935,9624.250218244148,9797.86246777346,9464.144576689761,9829.105334826116,9681.99048411566,9693.080738035214,9678.01387652191,5775.389245182808,5888.012428630949,7302.971776972477,6487.555912203453,6597.522792951085,5281.737847542554,5448.0658060382575,4352.559554625441,3951.5809586549894,9939.743420992452,10330.211501886633,10357.283182809726,5069.349433412898,6479.673649537529,6414.030079302886,8586.493752292567,8580.739645878632,6749.194230648584,5510.579441228595,10092.374278226776,7255.346731189792,7163.930450151436
16,2945.4082180909877,2284.929369486292,850.6513396346323,1008.718119909052,1041.6503709951103,885.6345701657095,1053.2035953934646,1049.3551290012665,581.206138632328,148.74910376410847,580.5659659224577,1037.0266067459568,174.51735306523543,174.51735306523543,174.51735306523543,0.0,28.264518269448548,28.264518269448548,131.11509783804075,775.7072868169697,1041.6503709951103,1113.172203466056,887.4747758668221,397.31373922023073,916.38101797206,409.0457791584103,447.55423626879235,148.74910376410847,836.818411101301,1762.3528604387188,2291.4872008000516,3428.4835584604393,3440.6691696474563,747.5962394822552,645.2500182383814,645.2500182383814,1084.441539957279,877.8031290517235,631.6983447088526,657.9282089177157,2062.017829880159,2517.9019984679176,2766.665032429151,1618.4922898598245,1667.6783292872974,1965.2282548969551,1771.7695047231352,1938.6865847714646,1257.933390113101,1634.6879629142518,1317.3474897164897,1077.4281041604083,877.8031290517235,447.55423626879235,614.8901033210772,933.7007308518761,904.0285551437115,863.0111547202882,1786.7579404444248,2152.4554249292387,2382.983797311368,580.5659659224577,714.4966950905612,356.0833331477121,375.65420854540076,5685.507291797252,6250.859079579141,6294.585118732044,6111.31488996093,6198.75229563747,4812.775992255382,9970.694759891074,10544.256645764295,10576.992891026055,10576.992891026055,10576.992891026055,7206.9115626106695,7066.927413115181,9379.12687006642,11228.06869499746,11068.940031668966,10922.57173343724,11452.601138880771,9735.199766014895,9918.028238860421,6868.631287743717,10275.86371894579,10275.86371894579,10275.86371894579,10231.590997039379,10212.51331566673,10066.107341429135,10066.107341429135,10576.992891026055,10576.992891026055,10576.992891026055,11372.184624179601,10536.109852800802,9635.259836733016,10056.107957783299,10529.922505152856,10547.408472773986,10529.922505152856,10194.348059327083,4795.036368390549,3868.922938259413,3915.4632253221216,7893.687558678997,9589.856737600345,9289.162917026952,9705.16698090417,9798.767571309387,9972.3798208387,9638.661929755,10003.622687891355,9856.5078371809,9867.598091100454,9852.53122958715,5949.906598248044,6062.529781696186,7477.489130037714,6662.07326526869,6772.040146016322,5456.255200607791,5622.583159103493,4527.076907690676,4126.098311720226,10114.260774057691,10504.728854951873,10531.800535874965,5243.866786478135,6654.191002602765,6588.547432368124,8761.011105357802,8755.256998943867,6923.711583713821,5685.096794293832,10266.891631292014,7429.864084255029,7338.447803216673
17,2917.143699821539,2256.6648512168445,822.3868213651837,980.4536016396033,1013.3858527256617,857.370051896261,1024.939077124016,1021.090610731818,552.9416203628793,120.48458549465992,552.3014476530091,1008.7620884765082,146.25283479578687,146.25283479578687,146.25283479578687,28.264518269448548,0.0,0.0,102.85057956859221,747.442768547521,1013.3858527256617,1084.9076851966074,859.2102575973737,369.0492209507822,888.1164997026116,380.78126088896175,419.2897179993438,120.48458549465992,808.5538928318523,1734.0883421692702,2263.2226825306034,3400.2190401909907,3412.4046513780077,719.3317212128067,616.9854999689328,616.9854999689328,1056.1770216878306,849.538610782275,603.433826439404,629.6636906482671,2033.7533116107104,2489.63748019847,2738.400514159703,1590.2277715903758,1639.4138110178492,1936.963736627507,1743.5049864536866,1910.422066502016,1229.6688718436526,1606.423444644803,1289.082971447041,1049.1635858909597,849.538610782275,419.2897179993438,586.6255850516285,905.4362125824274,875.7640368742628,834.7466364508397,1758.493422174976,2124.19090665979,2354.7192790419194,552.3014476530091,686.2321768211126,327.81881487826354,347.3896902759522,5657.242773527803,6222.594561309692,6266.320600462595,6083.050371691481,6170.487777368021,4784.511473985934,9942.430241621623,10515.992127494845,10548.728372756605,10548.728372756605,10548.728372756605,7178.647044341221,7038.662894845732,9350.862351796972,11199.804176728012,11040.675513399518,10894.307215167792,11424.336620611322,9706.935247745445,9889.76372059097,6840.366769474268,10247.59920067634,10247.59920067634,10247.59920067634,10203.32647876993,10184.248797397282,10037.842823159686,10037.842823159686,10548.728372756605,10548.728372756605,10548.728372756605,11343.920105910152,10507.845334531354,9606.995318463567,10027.84343951385,10501.657986883405,10519.143954504536,10501.657986883405,10166.083541057633,4766.7718501211,3840.6584199899644,3887.198707052673,7865.423040409549,9561.592219330896,9260.898398757503,9676.902462634722,9770.503053039936,9944.11530256925,9610.39741148555,9975.358169621904,9828.243318911449,9839.333572831003,9824.2667113177,5921.642079978596,6034.265263426737,7449.224611768265,6633.8087469992415,6743.775627746873,5427.990682338343,5594.318640834044,4498.812389421228,4097.833793450777,10085.99625578824,10476.464336682422,10503.536017605515,5215.602268208686,6625.926484333317,6560.282914098675,8732.746587088353,8726.992480674418,6895.447065444372,5656.832276024384,10238.627113022565,7401.599565985581,7310.183284947224
18,2917.143699821539,2256.6648512168445,822.3868213651837,980.4536016396033,1013.3858527256617,857.370051896261,1024.939077124016,1021.090610731818,552.9416203628793,120.48458549465992,552.3014476530091,1008.7620884765082,146.25283479578687,146.25283479578687,146.25283479578687,28.264518269448548,0.0,0.0,102.85057956859221,747.442768547521,1013.3858527256617,1084.9076851966074,859.2102575973737,369.0492209507822,888.1164997026116,380.78126088896175,419.2897179993438,120.48458549465992,808.5538928318523,1734.0883421692702,2263.2226825306034,3400.2190401909907,3412.4046513780077,719.3317212128067,616.9854999689328,616.9854999689328,1056.1770216878306,849.538610782275,603.433826439404,629.6636906482671,2033.7533116107104,2489.63748019847,2738.400514159703,1590.2277715903758,1639.4138110178492,1936.963736627507,1743.5049864536866,1910.422066502016,1229.6688718436526,1606.423444644803,1289.082971447041,1049.1635858909597,849.538610782275,419.2897179993438,586.6255850516285,905.4362125824274,875.7640368742628,834.7466364508397,1758.493422174976,2124.19090665979,2354.7192790419194,552.3014476530091,686.2321768211126,327.81881487826354,347.3896902759522,5657.242773527803,6222.594561309692,6266.320600462595,6083.050371691481,6170.487777368021,4784.511473985934,9942.430241621623,10515.992127494845,10548.728372756605,10548.728372756605,10548.728372756605,7178.647044341221,7038.662894845732,9350.862351796972,11199.804176728012,11040.675513399518,10894.307215167792,11424.336620611322,9706.935247745445,9889.76372059097,6840.366769474268,10247.59920067634,10247.59920067634,10247.59920067634,10203.32647876993,10184.248797397282,10037.842823159686,10037.842823159686,10548.728372756605,10548.728372756605,10548.728372756605,11343.920105910152,10507.845334531354,9606.995318463567,10027.84343951385,10501.657986883405,10519.143954504536,10501.657986883405,10166.083541057633,4766.7718501211,3840.6584199899644,3887.198707052673,7865.423040409549,9561.592219330896,9260.898398757503,9676.902462634722,9770.503053039936,9944.11530256925,9610.39741148555,9975.358169621904,9828.243318911449,9839.333572831003,9824.2667113177,5921.642079978596,6034.265263426737,7449.224611768265,6633.8087469992415,6743.775627746873,5427.990682338343,5594.318640834044,4498.812389421228,4097.833793450777,10085.99625578824,10476.464336682422,10503.536017605515,5215.602268208686,6625.926484333317,6560.282914098675,8732.746587088353,8726.992480674418,6895.447065444372,5656.832276024384,10238.627113022565,7401.599565985581,7310.183284947224
19,2814.293120252946,2153.814271648252,719.5362417965915,877.6030220710112,910.5352731570696,754.5194723276688,922.0884975554238,1026.7867011814017,450.09104079428727,17.634005926067715,557.9975381025929,1014.4581789260919,43.40225522719468,43.40225522719468,43.40225522719468,131.11509783804075,102.85057956859221,102.85057956859221,0.0,753.1388589971049,910.5352731570696,982.0571056280153,756.3596780287813,266.1986413821899,785.2659201340191,386.4773513385455,424.9858084489275,17.634005926067715,705.7033132632603,1631.2377626006783,2160.372102962011,3297.368460622398,3309.554071809415,725.0278116623904,622.6815904185165,622.6815904185165,1061.8731121374142,746.6880312136826,500.5832468708118,526.813111079675,1930.902732042118,2386.7869006298774,2635.5499345911107,1595.9238620399594,1536.5632314492568,1834.1131570589146,1749.2010769032702,1916.1181569515995,1235.3649622932362,1503.5728650762107,1294.779061896625,946.3130063223675,746.6880312136826,424.9858084489275,592.3216755012122,911.1323030320112,881.4601273238467,840.4427269004234,1655.642842606384,2021.3403270911977,2251.8686994733275,557.9975381025929,691.9282672706963,333.51490532784726,353.0857807255359,5554.392193959211,6119.7439817411,6163.470020894003,5980.199792122888,6067.637197799429,4681.66089441734,9839.579662053031,10413.141547926252,10445.877793188012,10445.877793188012,10445.877793188012,7075.796464772627,6935.812315277139,9248.011772228381,11096.953597159418,10937.824933830923,10791.456635599197,11321.486041042728,9604.084668176853,9786.913141022378,6737.516189905676,10144.748621107747,10144.748621107747,10144.748621107747,10100.475899201336,10081.398217828688,9934.992243591092,9934.992243591092,10445.877793188012,10445.877793188012,10445.877793188012,11241.069526341558,10404.99475496276,9504.144738894973,9924.992859945256,10398.807407314813,10416.293374935944,10398.807407314813,10063.23296148904,4663.921270552507,3737.8078404213716,3784.34812748408,7762.572460840955,9458.741639762306,9158.047819188912,9574.051883066131,9667.652473471344,9841.264723000657,9507.546831916958,9872.507590053312,9725.392739342857,9736.48299326241,9721.416131749107,5818.791500410002,5931.414683858144,7346.374032199671,6530.958167430647,6640.925048178279,5325.140102769748,5491.468061265452,4395.961809852635,3994.983213882184,9983.145676219649,10373.61375711383,10400.685438036922,5112.751688640093,6523.075904764723,6457.432334530081,8629.896007519761,8624.141901105826,6792.596485875779,5553.9816964557895,10135.77653345397,7298.748986416987,7207.332705378631
20,3421.5327084538953,2876.2759970040984,1309.7600117566762,1424.3854189803155,1632.996998512915,1489.7750945672994,1657.3441197950542,981.5263886898927,857.5445900051778,770.7728649231725,195.14132089451198,969.1978664345829,796.5411142242995,796.5411142242995,796.5411142242995,775.7072868169696,747.442768547521,747.442768547521,753.1388589971048,0.0,1632.996998512915,1704.5188309838609,1509.498537025886,1019.3375003792949,1538.4047791311239,759.7908356491639,798.2992927595459,770.7728649231725,1019.3892429033788,2366.4933848403084,2761.0337759432464,3780.9908821098848,3768.8052709228677,1098.3412959730085,944.2075494294863,944.2075494294863,1549.2122632553571,1481.9436534533131,1235.8388691104426,1262.0687333193057,2425.72899462609,3109.2486259857237,3358.011659946957,2083.263013157902,2223.2658620507364,2432.0828844379525,2236.5402280212134,2135.338571278548,1722.7041134111792,2224.473780305787,1331.1409095358422,1681.568628561998,1481.9436534533131,798.2992927595459,965.6351598118307,1284.4457873426293,1254.773611634465,1213.7562112110415,2201.8241297359696,2742.2412423207743,2972.7696147029037,195.14132089451198,701.8153976209926,706.8283896384655,726.3992650361542,6035.027860768992,6726.983569942051,6770.709609094954,6587.439380323839,6674.87678600038,5288.900482618292,10446.819250253984,11020.381136127206,11053.117381388965,11053.117381388965,11053.117381388965,7683.036052973578,7543.05190347809,9855.251360429333,11704.193185360373,11545.064522031878,11398.696223800152,11928.725629243683,10211.324256377806,10394.152729223331,7218.151856715455,10751.988209308702,10751.988209308702,10751.988209308702,10707.71548740229,10688.637806029643,10542.231831792047,10542.231831792047,11053.117381388965,11053.117381388965,11053.117381388965,11848.309114542513,11012.234343163715,10111.384327095928,10532.232448146211,11006.046995515766,11023.532963136897,11006.046995515766,10670.472549689994,5271.160858753458,4345.047428622322,4391.587715685029,8369.812049041904,10065.981227963257,9765.287407389864,10181.291471267083,10274.892061672297,10448.50431120161,10114.78642011791,10479.747178254265,10332.63232754381,10343.722581463364,10328.65571995006,6426.031088610954,6538.654272059095,7953.6136204006225,7138.197755631599,7248.164636379231,5932.3796909707,6098.707649466403,4876.597476662416,4602.222802083135,10590.385264420602,10980.853345314783,11007.925026237875,5719.991276841044,7130.315492965675,7064.671922731032,9237.135595720709,9231.381489306774,7399.83607407673,6161.221284656741,10743.016121654926,7905.988574617938,7814.572293579582
22,1933.3283066760966,1243.2789984911824,487.4801761372445,208.61157953259956,0.0,289.35172580942765,573.233099060247,1906.6448406972124,788.2463053915228,892.9012672310024,1437.855677618404,1894.3163184419027,867.1330179298755,867.1330179298755,867.1330179298755,1041.650370995111,1013.3858527256624,1013.3858527256624,910.5352731570702,1632.9969985129155,0.0,71.52183247094574,1370.2916882148747,880.1306515682836,1399.1979303201126,1297.0126244956157,1335.5210816059978,892.9012672310024,613.6077556095369,1186.5175005941226,1349.2639423974285,2416.403647045548,2428.589258232565,1545.0357281895642,1533.2168635755863,1533.2168635755863,854.5519199676176,727.1661740477226,409.95202628625793,436.181890495121,1119.794571477535,1476.2516274728075,1725.0146614340415,1606.9583478651227,1151.3442034616228,1431.107935601255,1503.8465095892204,1699.7271290947572,978.6007061133218,622.6080514993611,1775.8510371863522,597.4576078271907,727.1661740477226,1335.5210816059978,1502.8569486582824,1821.6675761890808,1791.9954004809165,1537.1620829747903,869.266809386432,1140.3755135143474,1370.9038858964773,1437.855677618404,1534.4360334087587,1244.0501784849175,1263.621053882606,4741.650134974758,5238.779168164248,5282.505207317152,5099.234978546036,5186.672384222577,3800.6960808404897,8958.614848476178,9532.1767343494,9564.91297961116,9564.91297961116,9564.91297961116,6194.8316511957755,6054.847501700287,8367.046958651525,10215.988783582567,10056.860120254072,9910.491822022346,10440.521227465877,8723.1198546,8905.948327445525,5926.4080293410925,9263.783807530896,9263.783807530896,9263.783807530896,9219.511085624485,9200.433404251837,9054.027430014241,9054.027430014241,9564.91297961116,9564.91297961116,9564.91297961116,10360.104712764707,9524.029941385908,8623.179925318122,9044.028046368405,9517.84259373796,9535.32856135909,9517.84259373796,9182.268147912187,3782.956456975655,2856.843026844522,2903.3833139072303,6881.6076472641025,8577.776826185445,8277.083005612052,8693.087069489271,8786.687659894491,8960.299909423804,8626.582018340105,8991.542776476459,8844.427925766004,8855.518179685558,8840.451318172254,4937.82668683315,5050.449870281292,6465.409218622818,5649.993353853794,5759.960234601426,4444.175289192896,4610.503247688601,3565.4801252303837,3114.018400305334,9102.180862642796,9492.648943536977,9519.72062446007,4231.786875063241,5617.877724043637,5576.467520953228,7748.93119394291,7743.177087528974,5911.631672298927,4673.0168828789365,9254.81171987712,6417.784172840135,6326.367891801779
23,1861.8064742051513,1171.7571660202368,559.0020086081903,280.1334120035453,71.52183247094574,360.87355828037346,501.7112665893013,1978.1666731681582,859.7681378624684,964.4230997019481,1509.3775100893497,1965.8381509128485,938.6548504008211,938.6548504008211,938.6548504008211,1113.1722034660563,1084.9076851966079,1084.9076851966079,982.0571056280158,1704.5188309838613,71.52183247094574,0.0,1441.8135206858205,951.6524840392293,1470.7197627910584,1368.5344569665613,1407.0429140769434,964.4230997019481,685.1295880804827,1114.9956681231768,1277.742109926483,2344.881814574602,2357.067425761619,1616.5575606605096,1604.738696046532,1604.738696046532,783.0300874966719,798.6880065186683,481.4738587572037,507.7037229660668,1048.2727390065893,1404.729795001862,1653.492828963096,1535.436515394177,1079.822370990677,1359.586103130309,1432.324677118275,1628.2052966238118,907.0788736423763,551.0862190284154,1704.3292047154064,525.935775356245,798.6880065186683,1407.0429140769434,1574.3787811292277,1893.1894086600264,1863.517232951862,1578.0048273332957,797.7449769154862,1068.8536810434018,1299.3820534255317,1509.3775100893497,1605.9578658797045,1315.572010955863,1335.1428863535516,4670.128302503813,5167.257335693303,5210.983374846206,5027.713146075092,5115.150551751632,3729.1742483695443,8887.093016005234,9460.654901878454,9493.391147140213,9493.391147140213,9493.391147140213,6123.3098187248315,5983.325669229343,8295.52512618058,10144.466951111623,9985.338287783128,9838.969989551402,10368.999394994933,8651.598022129056,8834.426494974581,5854.8861968701485,9192.261975059952,9192.261975059952,9192.261975059952,9147.98925315354,9128.911571780893,8982.505597543297,8982.505597543297,9493.391147140213,9493.391147140213,9493.391147140213,10288.582880293763,9452.508108914964,8551.658092847178,8972.50621389746,9446.320761267014,9463.806728888145,9446.320761267014,9110.746315441242,3711.4346245047095,2785.3211943735764,2831.861481436285,6810.085814793158,8506.254993714503,8205.561173141108,8621.565237018329,8715.165827423547,8888.77807695286,8555.06018586916,8920.020944005515,8772.90609329506,8783.996347214614,8768.92948570131,4866.304854362206,4978.928037810348,6393.887386151874,5578.47152138285,5688.438402130482,4372.653456721951,4538.981415217655,3493.9582927594383,3042.4965678343888,9030.65903017185,9421.127111066033,9448.198791989125,4160.265042592295,5546.355891572691,5504.945688482284,7677.409361471965,7671.655255058029,5840.109839827983,4601.4950504079925,9183.289887406176,6346.262340369191,6254.846059330835
24,3274.0495353107517,2613.5706867060576,1179.2926568543967,1337.3594371288164,1370.291688214875,1214.275887385474,1381.844912613229,1783.1463792101829,909.8474558520925,738.7256721027138,1314.3572161313743,1770.8178569548732,712.9574228015869,712.9574228015869,712.9574228015869,887.4747758668224,859.2102575973738,859.2102575973738,756.3596780287816,1509.498537025886,1370.291688214875,1441.8135206858208,0.0,490.16103664659147,71.62650741516141,1142.837029367327,1181.345486477709,738.7256721027138,1165.459728321065,2090.9941776584833,2620.1285180198174,3757.1248756802033,3769.3104868672203,1481.3874896911716,1379.0412684472976,1379.0412684472976,1627.0815560130015,1206.4444462714882,960.3396619286171,986.5695261374802,2390.6591470999233,2846.543315687683,3095.3063496489162,2161.132305915547,1996.3196465070623,2293.86957211672,2314.4095207788578,2481.326600827188,1795.2950868947742,1963.3292801340162,2051.1387399254063,1406.0694213801728,1206.4444462714882,1181.345486477709,1348.6813535299934,1667.491981060792,1637.8198053526278,1596.8024049292046,2115.399257664189,2481.096742149003,2711.6251145311326,1314.3572161313743,1448.2879452994778,1089.8745833566288,1109.4454587543173,6014.148609017018,6579.500396798907,6623.22643595181,6439.956207180696,6527.393612857236,5141.417309475149,10299.336077110838,10872.89796298406,10905.63420824582,10905.63420824582,10905.63420824582,7535.552879830436,7395.568730334947,9707.76818728619,11556.710012217229,11397.581348888734,11251.213050657008,11781.24245610054,10063.84108323466,10246.669556080185,7197.272604963483,10604.505036165558,10604.505036165558,10604.505036165558,10560.232314259147,10541.154632886499,10394.748658648903,10394.748658648903,10905.63420824582,10905.63420824582,10905.63420824582,11700.82594139937,10864.75117002057,9963.901153952784,10384.749275003067,10858.56382237262,10876.04978999375,10858.56382237262,10522.989376546848,5123.677685610315,4197.564255479178,4244.104542541886,8222.328875898764,9918.498054820115,9617.804234246722,10033.80829812394,10127.408888529151,10301.021138058464,9967.303246974765,10332.26400511112,10185.149154400664,10196.239408320218,10181.172546806914,6278.5479154678105,6391.171098915952,7806.13044725748,6990.7145824884565,7100.681463236088,5784.896517827558,5951.224476323259,4855.718224910443,4454.739628939992,10442.902091277456,10833.370172171637,10860.44185309473,5572.508103697901,6982.832319822532,6917.18874958789,9089.652422577567,9083.898316163632,7252.352900933587,6013.738111513599,10595.532948511782,7758.505401474796,7667.089120436439
25,2783.88849866416,2123.409650059466,689.1316202078052,847.1984004822249,880.1306515682833,724.1148507388825,891.6838759666375,1292.9853425635915,419.68641920550095,248.5646354561222,824.1961794847828,1280.6568203082818,222.79638615499525,222.79638615499525,222.79638615499525,397.31373922023073,369.04922095078217,369.04922095078217,266.1986413821899,1019.3375003792947,880.1306515682833,951.652484039229,490.16103664659136,0.0,519.0672787518291,652.6759927207355,691.1844498311175,248.5646354561222,675.298691674474,1600.8331410118917,2129.967481373225,3266.9638390336117,3279.1494502206288,991.2264530445802,888.8802318007065,888.8802318007065,1136.9205193664097,716.2834096248964,470.1786252820255,496.4084894908886,1900.4981104533317,2356.3822790410914,2605.1453130023247,1670.9712692689552,1506.1586098604707,1803.7085354701285,1824.248484132266,1991.1655641805953,1305.1340502481826,1473.1682434874247,1560.9777032788152,915.9083847335812,716.2834096248964,691.1844498311175,858.5203168834023,1177.330944414201,1147.6587687060367,1106.6413682826133,1625.2382210175977,1990.9357055024116,2221.4640778845414,824.1961794847828,958.1269086528864,599.7135467100371,619.2844221077258,5523.987572370425,6089.339360152313,6133.0653993052165,5949.795170534102,6037.232576210642,4651.256272828555,9809.175040464244,10382.736926337466,10415.473171599226,10415.473171599226,10415.473171599226,7045.391843183842,6905.407693688353,9217.607150639595,11066.548975570633,10907.420312242139,10761.052014010413,11291.081419453943,9573.680046588066,9756.508519433592,6707.111568316889,10114.343999518962,10114.343999518962,10114.343999518962,10070.071277612551,10050.993596239903,9904.587622002307,9904.587622002307,10415.473171599226,10415.473171599226,10415.473171599226,11210.664904752774,10374.590133373975,9473.740117306188,9894.588238356471,10368.402785726026,10385.888753347157,10368.402785726026,10032.828339900254,4633.516648963721,3707.4032188325855,3753.943505895294,7732.16783925217,9428.337018173519,9127.643197600126,9543.647261477345,9637.247851882557,9810.86010141187,9477.142210328171,9842.102968464525,9694.98811775407,9706.078371673624,9691.01151016032,5788.386878821217,5901.010062269358,7315.969410610886,6500.553545841863,6610.5204265894945,5294.735481180964,5461.063439676665,4365.557188263849,3964.578592293398,9952.741054630862,10343.209135525043,10370.280816448136,5082.347067051307,6492.671283175938,6427.027712941296,8599.491385930975,8593.73727951704,6762.191864286993,5523.577074867005,10105.371911865186,7268.344364828202,7176.928083789845
26,3302.9557774159894,2642.4769288112952,1208.1988989596343,1366.265679234054,1399.1979303201126,1243.1821294907118,1410.7511547184668,1812.0526213154205,938.7536979573301,767.6319142079515,1343.263458236612,1799.7240990601108,741.8636649068245,741.8636649068245,741.8636649068245,916.38101797206,888.1164997026115,888.1164997026115,785.2659201340192,1538.4047791311236,1399.1979303201126,1470.7197627910584,71.62650741516141,519.0672787518291,0.0,1171.7432714725646,1210.2517285829467,767.6319142079515,1194.3659704263027,2119.900419763721,2649.0347601250546,3786.031117785441,3798.216728972458,1510.2937317964092,1407.9475105525353,1407.9475105525353,1655.9877981182392,1235.3506883767259,989.2459040338548,1015.4757682427179,2419.5653892051605,2875.4495577929206,3124.212591754154,2190.0385480207847,2025.2258886123,2322.7758142219577,2343.3157628840954,2510.2328429324257,1824.2013290000118,1992.235522239254,2080.044982030644,1434.9756634854105,1235.3506883767259,1210.2517285829467,1377.587595635231,1696.3982231660298,1666.7260474578654,1625.7086470344423,2144.3054997694267,2510.002984254241,2740.53135663637,1343.263458236612,1477.1941874047154,1118.7808254618665,1138.351700859555,6043.054851122255,6608.406638904145,6652.132678057049,6468.8624492859335,6556.2998549624745,5170.323551580386,10328.242319216077,10901.804205089298,10934.540450351058,10934.540450351058,10934.540450351058,7564.459121935673,7424.4749724401845,9736.674429391427,11585.616254322467,11426.487590993973,11280.119292762247,11810.148698205778,10092.747325339898,10275.575798185424,7226.17884706872,10633.411278270796,10633.411278270796,10633.411278270796,10589.138556364385,10570.060874991737,10423.654900754142,10423.654900754142,10934.540450351058,10934.540450351058,10934.540450351058,11729.732183504608,10893.657412125809,9992.807396058022,10413.655517108306,10887.470064477859,10904.95603209899,10887.470064477859,10551.895618652086,5152.583927715553,4226.470497584416,4273.010784647124,8251.235118004,9947.404296925351,9646.710476351958,10062.714540229177,10156.31513063439,10329.927380163703,9996.209489080004,10361.170247216358,10214.055396505903,10225.145650425457,10210.078788912153,6307.454157573048,6420.07734102119,7835.036689362717,7019.620824593693,7129.587705341325,5813.802759932794,5980.130718428498,4884.624467015679,4483.64587104523,10471.808333382694,10862.276414276876,10889.348095199968,5601.4143458031385,7011.738561927769,6946.094991693127,9118.558664682803,9112.804558268868,7281.259143038825,6042.644353618835,10624.43919061702,7787.411643580032,7695.9953625416765
27,3200.7704715914924,2540.2916229867983,1106.0135931351372,1264.0803734095568,1297.0126244956155,1140.9968236662144,1308.5658488939694,867.3248208967813,836.568392132833,404.1113572646133,564.649514754652,854.9962986414715,429.87960656574023,429.87960656574023,429.87960656574023,409.0457791584104,380.78126088896187,380.78126088896187,386.4773513385456,759.790835649164,1297.0126244956155,1368.5344569665613,1142.8370293673267,652.6759927207355,1171.7432714725644,0.0,179.8079354091173,404.1113572646133,1038.8159191750958,2017.7151139392236,2546.8494543005577,3683.845811960944,3696.031423147961,517.3163946599815,414.97017341610757,414.97017341610757,1143.5011944510466,1124.9157347602852,887.0605982093576,913.2904624182207,2317.3800833806636,2773.2642519684237,3022.027285929657,1677.551944353592,1817.554793246425,2026.3718156336408,1830.8291592169028,1997.7462392652321,1316.9930446068686,1890.050216414757,1376.4071442102577,1293.5610670009264,1124.9157347602852,179.8079354091173,384.6102584988032,703.4208860296021,673.7487103214376,632.7313098980145,2042.1201939449295,2407.817678429744,2638.3460508118733,564.649514754652,753.7276867645608,125.8034883254383,185.3225671870579,5940.869545297758,6506.221333079648,6549.947372232551,6366.677143461436,6454.114549137977,5068.138245755888,10226.057013391579,10799.6188992648,10832.35514452656,10832.35514452656,10832.35514452656,7462.273816111175,7322.289666615687,9634.489123566927,11483.43094849797,11324.302285169475,11177.933986937749,11707.96339238128,9990.5620195154,10173.390492360926,7123.993541244222,10531.225972446298,10531.225972446298,10531.225972446298,10486.953250539887,10467.87556916724,10321.469594929644,10321.469594929644,10832.35514452656,10832.35514452656,10832.35514452656,11627.54687768011,10791.472106301311,9890.622090233524,10311.470211283808,10785.28475865336,10802.770726274492,10785.28475865336,10449.710312827588,5050.398621891055,4124.285191759918,4170.825478822627,8149.049812179503,9845.218991100852,9544.525170527459,9960.529234404677,10054.129824809892,10227.742074339205,9894.024183255506,10258.98494139186,10111.870090681405,10122.960344600959,10107.893483087655,6205.26885174855,6317.892035196692,7732.851383538219,6917.435518769195,7027.402399516827,5711.617454108296,5877.945412604,4782.439161191182,4381.460565220732,10369.623027558197,10760.091108452378,10787.16278937547,5499.229039978641,6909.553256103271,6843.909685868629,9016.373358858305,9010.61925244437,7179.073837214327,5940.4590477943375,10522.253884792523,7685.226337755535,7593.810056717179
28,3239.2789287018745,2578.80008009718,1144.5220502455193,1302.588830519939,1335.5210816059976,1179.5052807765967,1347.0743060043515,905.8332780071632,875.0768492432151,442.61981437499537,603.1579718650339,893.5047557518535,468.38806367612233,468.38806367612233,468.38806367612233,447.55423626879247,419.2897179993439,419.2897179993439,424.9858084489276,798.2992927595459,1335.5210816059976,1407.0429140769434,1181.3454864777088,691.1844498311176,1210.2517285829465,179.80793540911725,0.0,442.61981437499537,1077.324376285478,2056.2235710496057,2585.35791141094,3722.354269071326,3734.539880258343,555.8248517703636,453.47863052648967,453.47863052648967,1182.0096515614289,1163.424191870667,925.5690553197397,951.7989195286028,2355.8885404910457,2811.7727090788053,3060.5357430400386,1716.0604014639741,1856.0632503568072,2064.880272744023,1869.3376163272849,2036.2546963756142,1355.501501717251,1928.558673525139,1414.9156013206398,1332.0695241113085,1163.424191870667,0.0,423.1187156091853,741.9293431399843,712.2571674318198,671.2397670083966,2080.628651055312,2446.3261355401255,2676.8545079222554,603.1579718650339,792.2361438749429,164.31194543582035,223.83102429743997,5979.378002408141,6544.729790190029,6588.455829342933,6405.185600571818,6492.623006248358,5106.646702866271,10264.565470501962,10838.127356375184,10870.863601636944,10870.863601636944,10870.863601636944,7500.782273221558,7360.798123726069,9672.99758067731,11521.939405608351,11362.810742279857,11216.44244404813,11746.471849491661,10029.070476625784,10211.89894947131,7162.501998354605,10569.73442955668,10569.73442955668,10569.73442955668,10525.46170765027,10506.384026277621,10359.978052040025,10359.978052040025,10870.863601636944,10870.863601636944,10870.863601636944,11666.055334790492,10829.980563411693,9929.130547343906,10349.97866839419,10823.793215763744,10841.279183384875,10823.793215763744,10488.218769937972,5088.9070790014375,4162.793648870301,4209.333935933009,8187.558269289886,9883.727448211235,9583.033627637842,9999.037691515061,10092.638281920275,10266.250531449588,9932.53264036589,10297.493398502244,10150.378547791788,10161.468801711342,10146.401940198039,6243.777308858933,6356.400492307074,7771.359840648603,6955.943975879579,7065.910856627211,5750.12591121868,5916.453869714382,4820.947618301565,4419.9690223311145,10408.13148466858,10798.599565562761,10825.671246485854,5537.737497089023,6948.061713213654,6882.418142979012,9054.881815968689,9049.127709554754,7217.582294324709,5978.967504904721,10560.762341902904,7723.734794865918,7632.318513827561
29,2796.659114326879,2136.1802657221847,701.9022358705238,859.9690161449435,892.9012672310018,736.8854664016011,904.4544916293561,1044.4207071074693,432.4570348682195,0.0,575.6315440286605,1032.0921848521596,25.76824930112696,25.76824930112696,25.76824930112696,148.74910376410847,120.48458549465991,120.48458549465991,17.634005926067715,770.7728649231725,892.9012672310018,964.4230997019475,738.7256721027136,248.5646354561222,767.6319142079514,404.1113572646132,442.61981437499526,0.0,688.0693073371925,1613.6037566746104,2142.7380970359436,3279.7344546963304,3291.9200658833474,742.6618175884581,640.3155963445843,640.3155963445843,1079.5071180634818,729.0540252876151,482.94924094474413,509.1791051536072,1913.2687261160504,2369.15289470381,2617.9159286650433,1613.5578679660273,1518.929225523189,1816.4791511328467,1766.835082829338,1933.7521628776674,1252.9989682193038,1485.9388591501433,1312.413067822693,928.6790003962998,729.0540252876151,442.61981437499526,609.9556814272801,928.7663089580791,899.0941332499145,858.0767328264911,1638.008836680316,2003.7063211651302,2234.23469354726,575.6315440286605,709.5622731967641,351.148911253915,370.7197866516036,5536.758188033144,6102.109975815032,6145.836014967936,5962.56578619682,6050.003191873361,4664.026888491273,9821.945656126962,10395.507542000183,10428.243787261943,10428.243787261943,10428.243787261943,7058.162458846559,6918.178309351071,9230.377766302312,11079.31959123335,10920.190927904856,10773.82262967313,11303.85203511666,9586.450662250783,9769.279135096309,6719.882183979608,10127.11461518168,10127.11461518168,10127.11461518168,10082.841893275268,10063.76421190262,9917.358237665025,9917.358237665025,10428.243787261943,10428.243787261943,10428.243787261943,11223.43552041549,10387.360749036692,9486.510732968905,9907.358854019189,10381.173401388744,10398.659369009874,10381.173401388744,10045.598955562971,4646.2872646264395,3720.173834495304,3766.7141215580127,7744.938454914887,9441.107633836236,9140.413813262843,9556.417877140062,9650.018467545275,9823.630717074588,9489.912825990888,9854.873584127243,9707.758733416787,9718.848987336341,9703.782125823038,5801.157494483935,5913.780677932076,7328.740026273604,6513.32416150458,6623.291042252212,5307.506096843681,5473.834055339385,4378.327803926568,3977.3492079561165,9965.51167029358,10355.97975118776,10383.051432110853,5095.117682714025,6505.441898838656,6439.7983286040135,8612.262001593692,8606.507895179757,6774.962479949711,5536.347690529722,10118.142527527903,7281.114980490919,7189.698699452563
30,2402.1434655505172,1856.8867541007203,343.6725302161472,404.99617607693745,613.607755609537,684.1510680955888,863.0678260012968,1293.0370850876755,255.61227246897298,688.0693073371928,824.2479220088667,1280.7085628323657,662.3010580360658,662.3010580360658,662.3010580360658,836.8184111013013,808.5538928318527,808.5538928318527,705.7033132632605,1019.3892429033787,613.607755609537,685.1295880804827,1165.4597283210653,675.298691674474,1194.365970426303,1038.8159191750956,1077.3243762854777,688.0693073371928,0.0,1572.217091046551,1741.6445330398678,2793.405540514156,2781.219929327139,1377.36637949894,1275.020158255066,1275.020158255066,1144.3866469086674,880.0113359171086,508.81885784852716,535.0487220573903,1406.3397517227118,2089.8593830823456,2338.6224170435785,1834.6991955611672,1477.5425598951297,1775.0924855047874,1801.7638037587406,1997.644423264277,1276.5180002828417,1205.0845374024088,1949.6279382458797,887.2923347682405,880.0113359171086,1077.3243762854777,1244.660243337762,1563.4708708685605,1533.7986951603962,1492.781294736973,1182.4348868325912,1722.8519994173957,1953.3803717995256,824.2479220088667,920.8282777992213,985.8534731643971,1005.4243485620858,5015.638617865614,5707.594327038669,5751.320366191572,5568.050137420457,5655.487543096998,4269.51123971491,9427.4300073506,10000.99189322382,10033.72813848558,10033.72813848558,10033.72813848558,6663.646810070196,6523.662660574708,8835.862117525943,10684.803942456989,10525.675279128494,10379.306980896768,10909.3363863403,9191.935013474422,9374.763486319947,6198.762613812077,9732.598966405318,9732.598966405318,9732.598966405318,9688.326244498907,9669.248563126259,9522.842588888663,9522.842588888663,10033.72813848558,10033.72813848558,10033.72813848558,10828.91987163913,9992.84510026033,9091.995084192544,9512.843205242827,9986.65775261238,10004.143720233511,9986.65775261238,9651.083306786608,4251.771615850075,3325.658185718942,3372.1984727816507,7350.422806138524,9046.591985059868,8745.898164486474,9161.902228363693,9255.502818768913,9429.115068298226,9095.397177214527,9460.357935350881,9313.243084640426,9324.33333855998,9309.266477046676,5406.6418457075715,5519.265029155713,6934.22437749724,6118.808512728217,6228.775393475848,4912.990448067318,5079.318406563021,3857.208233759037,3582.8335591797545,9570.996021517216,9961.464102411399,9988.535783334491,4700.602033937661,6110.926250062293,6045.28267982765,8217.74635281733,8211.992246403395,6380.446831173348,5141.832041753359,9723.626878751542,6886.599331714556,6795.1830506762
31,2292.472552252107,1264.353819555685,1349.3463771606293,1395.1290801267219,1186.5175005941223,1145.7370235225353,822.6420772514032,2640.141227024607,1508.9487948351314,1613.6037566746104,2171.352063945797,2627.8127047692974,1587.8355073734833,1587.8355073734833,1587.8355073734833,1762.3528604387186,1734.0883421692702,1734.0883421692702,1631.237762600678,2366.493384840309,1186.5175005941223,1114.9956681231765,2090.994177658483,1600.8331410118915,2119.9004197637205,2017.7151139392236,2056.223571049605,1613.6037566746104,1572.2170910465513,0.0,1823.1060424437278,2775.5478926215587,2787.7335038085757,1920.225114877725,2184.9463982329175,2184.9463982329175,1055.5118806248863,1411.7604836679354,1130.6545157298665,1156.8843799387296,1861.3037981946557,1497.3264485373102,1746.0894824985442,839.7679536179965,297.59786374163946,364.6070715767633,678.9166483586434,884.8401641319206,809.5693012470607,1182.5547064715706,1825.5715747818258,798.4175684844595,1411.7604836679354,2056.223571049605,2180.045908654646,2498.8565361854453,2469.184360477281,1850.4866204615103,1653.3969664110723,1584.1758108017711,1480.2963533721718,2171.352063945797,2267.9324197361516,1964.7526679285254,1984.323543326214,5100.794380550768,5597.923413740258,5641.649452893162,5458.379224122046,5545.816629798587,4159.8403264165,9317.75909405219,9891.32097992541,9924.057225187169,9924.057225187169,9924.057225187169,6553.975896771785,6413.991747276297,8726.191204227533,10575.133029158578,10416.004365830084,10269.636067598358,10799.665473041889,9082.264100176011,9265.092573021537,6480.044131109665,9622.928053106907,9622.928053106907,9622.928053106907,9578.655331200496,9559.577649827848,9413.171675590253,9413.171675590253,9924.057225187169,9924.057225187169,9924.057225187169,10719.248958340719,9883.17418696192,8982.324170894133,9403.172291944416,9876.98683931397,9894.4728069351,9876.98683931397,9541.412393488197,4142.100702551666,3215.9872724205325,3262.527559483241,7240.751892840113,8936.921071761457,8636.227251188064,9052.231315065283,9145.831905470503,9319.444154999816,8985.726263916116,9350.68702205247,9203.572171342015,9214.66242526157,9199.595563748266,5296.970932409161,5409.594115857302,6824.55346419883,6009.137599429806,6119.104480177438,4803.319534768907,4969.647493264611,3924.6243708063944,3473.162645881345,9461.325108218805,9851.793189112988,9878.86487003608,4590.931120639251,5638.952545108139,5935.6117665292395,8108.075439518921,8102.321333104985,6270.7759178749375,5032.161128454948,9613.955965453131,6776.928418416145,6685.512137377789
32,676.4887869432222,988.1293398995206,1616.1180633472945,1337.2494667426495,1349.2639423974283,1638.6156682068558,1779.453376515784,3034.681618127543,1947.531668768568,2142.738097035943,2565.892455048733,3022.3530958722336,2116.9698477348165,2116.9698477348165,2116.9698477348165,2291.487200800052,2263.2226825306034,2263.2226825306034,2160.372102962011,2761.033775943245,1349.2639423974283,1277.7421099264825,2620.1285180198156,2129.967481373225,2649.0347601250537,2546.8494543005568,2585.357911410938,2142.738097035943,1741.6445330398678,1823.1060424437264,0.0,1159.5641273126726,1171.7497384996896,2885.3999146244014,2783.053693380527,2783.053693380527,2060.772197423154,2076.430116445151,1659.7888560911995,1686.0187203000626,656.0813988187265,978.6776538129636,1220.1545274398434,2376.1163336867444,1833.9462438103878,2065.700970336986,2215.265028427392,2421.188544200669,2080.774976342793,756.6976936569434,2933.441768189476,1803.6778852827276,2076.430116445151,2585.357911410938,2752.6937784632228,3071.504405994022,3041.832230285858,2855.7469372597793,636.0634689398729,451.19617884911014,639.4284554457623,2565.892455048733,2662.4728108390887,2493.887008289858,2513.4578836875467,3535.97525045346,4109.022876870207,4152.748916023111,3969.4786872519962,4056.916092928536,2670.9397895464494,7828.858557182141,8402.420443055358,8435.156688317118,8435.156688317118,8435.156688317118,5065.075359901736,4925.091210406247,7237.290667357485,9086.232492288531,8927.103828960031,8780.735530728305,9310.764936171836,7593.363563305965,7776.1920361514885,4719.099246399923,8134.027516236858,8134.027516236858,8134.027516236858,8089.754794330447,8070.677112957799,7924.271138720193,7924.271138720193,8435.156688317118,8435.156688317118,8435.156688317118,9230.348421470666,8394.273650091867,7493.4236340240805,7914.271755074359,8388.086302443915,8405.572270065046,8388.086302443915,8052.511856618149,2653.2001656816146,1727.086735550481,1767.7140979579276,5751.851355970062,7448.020534891407,7147.326714318012,7563.330778195232,7656.9313686004525,7830.543618129766,7496.825727046067,7861.786485182423,7714.671634471968,7725.761888391523,7710.695026878217,3808.0703955391114,3920.693578987252,5335.652927328777,4520.237062559753,4630.203943307385,3314.4189978988557,3480.7469563945606,2377.5448663468815,1984.262109011294,7972.424571348758,8362.892652242945,8389.964333166037,3102.0305837692,4512.354799893829,4446.711229659187,6619.17490264887,6613.420796234934,4781.8753810048875,3543.260591584897,8125.055428583082,5288.027881546096,5196.611600507739
33,648.2569345973468,1730.214338967584,2759.692336227394,2480.823739622749,2416.403647045548,2705.755372854975,2846.5930811639037,4054.638724294182,3049.017812983129,3279.7344546963304,3585.849561215372,4042.3102020388724,3253.966205395204,3253.966205395204,3253.966205395204,3428.4835584604393,3400.2190401909907,3400.2190401909907,3297.3684606223983,3780.9908821098843,2416.403647045548,2344.8818145746022,3757.124875680203,3266.963839033612,3786.0311177854414,3683.845811960944,3722.3542690713252,3279.7344546963304,2793.4055405141557,2775.5478926215574,1159.564127312673,0.0,12.185611187016896,3961.4393752351134,3920.0500510409142,3920.0500510409142,3127.911902071274,3143.569821093271,2796.785213751586,2823.015077960449,1590.2299639902274,1586.6105963994835,1345.1378926646344,3413.2142355759897,2871.0441456996323,2997.3521718704837,3252.3629303166376,3458.2864460899145,3147.914680990912,1793.7955955461866,4000.581472837596,2870.8175899308476,3143.569821093271,3722.3542690713252,3889.69013612361,4208.50076365441,4178.828587946245,3922.886641907899,1718.5318036979181,1474.0565864363289,1428.8388804001825,3585.849561215372,3542.746950960898,3630.883365950245,3650.454241347934,2835.02451229713,4176.209015931824,4219.9350550847275,4036.6648263136126,4124.102231990152,2738.125928608066,7896.044696243757,8469.606582116976,8502.342827378736,8502.342827378736,8502.342827378736,5132.261498963352,4992.277349467863,7304.476806419101,9153.418631350147,8994.289968021647,8847.921669789921,9377.951075233452,7660.549702367581,7843.378175213104,4018.148508243592,8201.213655298474,8201.213655298474,8201.213655298474,8156.940933392063,8137.863252019415,7991.457277781809,7991.457277781809,8502.342827378736,8502.342827378736,8502.342827378736,9297.534560532282,8461.459789153483,7560.609773085696,7981.457894135975,8455.27244150553,8472.758409126662,8455.27244150553,8119.697995679765,2720.386304743231,1794.2728746120974,1752.3237462565917,5819.037495031678,7515.206673953023,7214.512853379628,7630.516917256848,7724.117507662068,7897.729757191382,7564.011866107683,7928.972624244039,7781.857773533584,7792.948027453139,7777.8811659398325,3875.256534600728,3987.8797180488687,5402.839066390395,4587.423201621371,4697.390082369003,3381.605136960472,3547.933095456177,1676.5941281905511,2051.4482480729102,8039.610710410374,8430.07879130456,8457.150472227653,3169.2167228308163,4579.540938955446,4032.381265620246,6686.361041710486,6680.60693529655,4849.061520066503,3610.4467306465135,8192.241567644698,5355.214020607712,5263.797739569355
34,660.4425457843637,1742.399950154601,2771.8779474144117,2493.0093508097666,2428.5892582325646,2717.9409840419917,2858.77869235092,4042.4531131071653,3036.832201796112,3291.9200658833474,3573.6639500283554,4030.124590851856,3266.151816582221,3266.151816582221,3266.151816582221,3440.6691696474563,3412.4046513780077,3412.4046513780077,3309.5540718094153,3768.8052709228677,2428.5892582325646,2357.067425761619,3769.31048686722,3279.149450220629,3798.216728972458,3696.031423147961,3734.5398802583422,3291.9200658833474,2781.2199293271387,2787.7335038085744,1171.7497384996898,12.185611187016896,0.0,3973.62498642213,3932.2356622279312,3932.2356622279312,3140.0975132582907,3155.7554322802876,2808.970824938603,2835.200689147466,1602.4155751772444,1598.7962075865005,1357.3235038516511,3425.399846763007,2883.2297568866497,3009.5377830575007,3264.548541503655,3470.472057276932,3160.100292177929,1805.9812067332036,4012.767084024613,2883.003201117864,3155.7554322802876,3734.5398802583422,3901.875747310627,4220.686374841427,4191.014199133262,3935.0722530949156,1730.7174148849351,1486.2421976233459,1441.0244915871995,3573.6639500283554,3530.5613397738816,3643.068977137262,3662.639852534951,2822.838901110113,4164.0234047448075,4207.749443897711,4024.4792151265956,4111.916620803135,2725.940317421049,7883.859085056741,8457.42097092996,8490.15721619172,8490.15721619172,8490.15721619172,5120.075887776336,4980.091738280847,7292.291195232085,9141.23302016313,8982.10435683463,8835.736058602904,9365.765464046435,7648.364091180564,7831.192564026088,4005.9628970565755,8189.028044111457,8189.028044111457,8189.028044111457,8144.7553222050465,8125.6776408323985,7979.271666594793,7979.271666594793,8490.15721619172,8490.15721619172,8490.15721619172,9285.348949345265,8449.274177966467,7548.42416189868,7969.2722829489585,8443.086830318514,8460.572797939645,8443.086830318514,8107.512384492748,2708.200693556214,1782.0872634250804,1740.1381350695747,5806.851883844662,7503.021062766006,7202.327242192611,7618.331306069831,7711.931896475052,7885.544146004366,7551.8262549206665,7916.787013057023,7769.672162346567,7780.762416266122,7765.695554752816,3863.0709234137107,3975.694106861851,5390.653455203376,4575.237590434353,4685.204471181984,3369.419525773455,3535.74748426916,1664.4085170035344,2039.2626368858932,8027.425099223357,8417.893180117544,8444.964861040637,3157.0311116437992,4567.35532776843,4020.1956544332293,6674.175430523469,6668.421324109533,4836.875908879487,3598.2611194594965,8180.0559564576815,5343.028409420695,5251.612128382339
35,3478.364034865661,2772.5631048323444,1444.564053458982,1602.6308337334017,1545.035728189564,1352.9117475367673,1146.0320551602092,951.2108116069275,1175.118852456678,742.6618175884581,903.1999750784967,938.8822893516177,768.4300668895851,768.4300668895851,768.4300668895851,747.5962394822552,719.3317212128067,719.3317212128067,725.0278116623904,1098.3412959730088,1545.035728189564,1616.5575606605098,1481.3874896911716,991.2264530445805,1510.2937317964095,517.3163946599814,555.8248517703634,742.6618175884581,1377.3663794989402,1920.225114877725,2885.3999146244023,3961.4393752351125,3973.6249864221295,0.0,395.4840369817194,395.4840369817194,971.7476738433857,1007.2936429176576,1225.6110585332024,1251.8409227420655,2655.930543704508,3005.5357338139697,3254.298767775203,1505.7984237459311,1645.8012726387642,1854.61829502598,1659.0756386092419,1821.9583306732034,1145.2395239992077,2167.643779688925,999.7151676793167,1121.8075463932655,1007.2936429176576,555.8248517703634,390.5835474034475,709.3941749342465,679.721999226082,246.17766886455996,2380.670654268775,2685.4112417039123,2915.9396140860417,903.1999750784967,1092.2781470884056,391.5129063345431,523.8730275109027,6279.420005621603,6783.814896353817,6827.54093550672,6644.270706735605,6731.708112412146,5345.731809030058,10503.650576665746,11077.212462538968,11109.948707800728,11109.948707800728,11109.948707800728,7739.867379385344,7599.883229889856,9912.0826868411,11761.024511772137,11601.895848443643,11455.527550211917,11985.556955655447,10268.155582789568,10450.984055635094,7462.544001568068,10808.819535720466,10808.819535720466,10808.819535720466,10764.546813814055,10745.469132441407,10599.063158203811,10599.063158203811,11109.948707800728,11109.948707800728,11109.948707800728,11905.140440954277,11069.065669575479,10168.215653507692,10589.063774557975,11062.878321927528,11080.36428954866,11062.878321927528,10727.303876101756,5327.992185165224,4401.878755034088,4448.419042096795,8426.64337545367,10122.812554375025,9822.118733801632,10238.12279767885,10331.72338808406,10505.335637613372,10171.617746529673,10536.578504666028,10389.463653955572,10400.553907875126,10385.487046361823,6482.86241502272,6595.485598470861,8010.4449468123885,7195.029082043365,7304.995962790997,5989.211017382466,6155.538975878169,5110.51585341995,4659.054128494901,10647.216590832364,11037.684671726545,11064.756352649638,5776.82260325281,7147.161830384798,7121.503249142798,9293.966922132475,9288.21281571854,7456.667400488496,6218.052611068507,10799.84744806669,7962.819901029704,7871.403619991348
36,3436.9747106714635,2776.495862066769,1342.2178322151083,1500.284612489528,1533.2168635755863,1377.2010627461855,1410.7533385154018,826.2403420952527,1072.7726312128043,640.3155963445843,800.8537538346227,813.911819839943,666.0838456457112,666.0838456457112,666.0838456457112,645.2500182383814,616.9854999689328,616.9854999689328,622.6815904185165,944.2075494294866,1533.2168635755863,1604.7386960465321,1379.0412684472979,888.8802318007066,1407.9475105525355,414.97017341610746,453.4786305264895,640.3155963445843,1275.0201582550667,2184.9463982329175,2783.0536933805283,3920.050051040915,3932.235662227932,395.48403698171944,0.0,0.0,1236.4689571985784,1249.643337147537,1123.2648372893286,1149.4947014981917,2553.584322460634,3009.4684910483943,3258.2315250096276,1770.5197071011237,1910.5225559939568,2119.3395783811725,1923.7969219644344,1765.63689494748,1409.9608073544005,2126.2544554947276,961.4392332047743,1386.528829748458,1249.643337147537,453.4786305264895,265.61307789177295,584.423705422572,554.7515297144074,510.8989522197526,2278.324433024901,2644.0219175097145,2874.5502898918444,800.8537538346227,989.9319258445316,289.16668509066926,421.5268062670288,6177.073784377729,6742.42557215962,6786.1516113125235,6602.881382541408,6690.318788217949,5304.342484835861,10462.261252471551,11035.823138344773,11068.559383606533,11068.559383606533,11068.559383606533,7698.478055191147,7558.493905695659,9870.693362646904,11719.63518757794,11560.506524249446,11414.13822601772,11944.16763146125,10226.766258595373,10409.594731440899,7360.1977803241925,10767.430211526269,10767.430211526269,10767.430211526269,10723.157489619858,10704.07980824721,10557.673834009614,10557.673834009614,11068.559383606533,11068.559383606533,11068.559383606533,11863.75111676008,11027.676345381282,10126.826329313495,10547.674450363778,11021.488997733333,11038.974965354464,11021.488997733333,10685.914551907561,5286.602860971027,4360.489430839891,4407.029717902598,8385.254051259473,10081.423230180828,9780.729409607435,10196.733473484654,10290.334063889864,10463.946313419177,10130.228422335478,10495.189180471833,10348.074329761377,10359.164583680931,10344.097722167628,6441.473090828523,6554.096274276664,7969.055622618192,7153.639757849168,7263.6066385968,5947.821693188269,6114.1496516839725,5018.643400271153,4617.664804300704,10605.827266638169,10996.29534753235,11023.367028455443,5735.433279058613,7145.757495183244,7080.113924948601,9252.577597938278,9246.823491524343,7415.278076294299,6176.66328687431,10758.458123872493,7921.430576835507,7830.014295797151
37,3436.9747106714635,2776.495862066769,1342.2178322151083,1500.284612489528,1533.2168635755863,1377.2010627461855,1410.7533385154018,826.2403420952527,1072.7726312128043,640.3155963445843,800.8537538346227,813.911819839943,666.0838456457112,666.0838456457112,666.0838456457112,645.2500182383814,616.9854999689328,616.9854999689328,622.6815904185165,944.2075494294866,1533.2168635755863,1604.7386960465321,1379.0412684472979,888.8802318007066,1407.9475105525355,414.97017341610746,453.4786305264895,640.3155963445843,1275.0201582550667,2184.9463982329175,2783.0536933805283,3920.050051040915,3932.235662227932,395.48403698171944,0.0,0.0,1236.4689571985784,1249.643337147537,1123.2648372893286,1149.4947014981917,2553.584322460634,3009.4684910483943,3258.2315250096276,1770.5197071011237,1910.5225559939568,2119.3395783811725,1923.7969219644344,1765.63689494748,1409.9608073544005,2126.2544554947276,961.4392332047743,1386.528829748458,1249.643337147537,453.4786305264895,265.61307789177295,584.423705422572,554.7515297144074,510.8989522197526,2278.324433024901,2644.0219175097145,2874.5502898918444,800.8537538346227,989.9319258445316,289.16668509066926,421.5268062670288,6177.073784377729,6742.42557215962,6786.1516113125235,6602.881382541408,6690.318788217949,5304.342484835861,10462.261252471551,11035.823138344773,11068.559383606533,11068.559383606533,11068.559383606533,7698.478055191147,7558.493905695659,9870.693362646904,11719.63518757794,11560.506524249446,11414.13822601772,11944.16763146125,10226.766258595373,10409.594731440899,7360.1977803241925,10767.430211526269,10767.430211526269,10767.430211526269,10723.157489619858,10704.07980824721,10557.673834009614,10557.673834009614,11068.559383606533,11068.559383606533,11068.559383606533,11863.75111676008,11027.676345381282,10126.826329313495,10547.674450363778,11021.488997733333,11038.974965354464,11021.488997733333,10685.914551907561,5286.602860971027,4360.489430839891,4407.029717902598,8385.254051259473,10081.423230180828,9780.729409607435,10196.733473484654,10290.334063889864,10463.946313419177,10130.228422335478,10495.189180471833,10348.074329761377,10359.164583680931,10344.097722167628,6441.473090828523,6554.096274276664,7969.055622618192,7153.639757849168,7263.6066385968,5947.821693188269,6114.1496516839725,5018.643400271153,4617.664804300704,10605.827266638169,10996.29534753235,11023.367028455443,5735.433279058613,7145.757495183244,7080.113924948601,9252.577597938278,9246.823491524343,7415.278076294299,6176.66328687431,10758.458123872493,7921.430576835507,7830.014295797151
38,2644.836561701823,1907.8498705795057,921.5159330227455,1063.1634995002173,854.5519199676178,717.9065793846515,281.3188209073706,1792.1957318237862,1045.0361731896494,1079.5071180634814,1354.0709423608448,1779.8672095684765,1105.2753673646084,1105.2753673646084,1105.2753673646084,1084.4415399572786,1056.1770216878301,1056.1770216878301,1061.8731121374137,1549.2122632553564,854.5519199676178,783.0300874966721,1627.081556013001,1136.92051936641,1655.987798118239,1143.501194451046,1182.0096515614282,1079.5071180634814,1144.3866469086672,1055.511880624886,2060.772197423155,3127.9119020712747,3140.0975132582917,971.7476738433858,1236.4689571985782,1236.4689571985782,0.0,610.0611985173297,702.8240715919826,729.0539358008457,1831.302826503262,2140.822499561131,2389.585533522364,885.6392273833333,792.4977272517903,1001.3147496390062,805.7720932222677,1001.6527127278048,280.526289746369,1334.1163065250876,1028.3335568092812,257.09431214042684,610.0611985173297,1182.0096515614282,1231.5684676203064,1550.3790951511048,1520.7069194429405,902.009179427171,1580.7750644121586,1851.8837685400745,2082.4121409222043,1354.0709423608448,1488.0016715289482,1090.538748440348,1110.1096238380364,5453.158390000484,5950.287423189975,5994.0134623428785,5810.743233571764,5898.180639248304,4512.204335866217,9670.123103501908,10243.68498937513,10276.42123463689,10276.42123463689,10276.42123463689,6906.339906221504,6766.355756726015,9078.555213677253,10927.497038608295,10768.3683752798,10622.000077048075,11152.029482491605,9434.62810962573,9617.456582471255,6637.916284366819,9975.292062556624,9975.292062556624,9975.292062556624,9931.019340650213,9911.941659277565,9765.53568503997,9765.53568503997,10276.42123463689,10276.42123463689,10276.42123463689,11071.612967790436,10235.538196411637,9334.68818034385,9755.536301394133,10229.35084876369,10246.83681638482,10229.35084876369,9893.776402937918,4494.464712001383,3568.3512818702484,3614.891568932957,7593.115902289832,9289.285081211177,8988.591260637784,9404.595324515003,9498.195914920221,9671.808164449534,9338.090273365835,9703.05103150219,9555.936180791734,9567.026434711288,9551.959573197984,5649.334941858879,5761.95812530702,7176.917473648548,6361.501608879525,6471.4684896271565,5155.683544218626,5322.011502714327,4276.988380256111,3825.5266553310607,9813.689117668526,10204.157198562707,10231.2288794858,4943.295130088969,6282.448596131958,6287.975775978958,8460.43944896864,8454.685342554705,6623.139927324655,5384.525137904667,9966.319974902848,7129.292427865864,7037.876146827507
39,2660.4944807238194,1970.4451725389058,738.6515470330199,896.7183273074396,727.1661740477226,535.042193394926,702.6112186226809,1755.5914956376103,624.3990634481356,729.0540252876153,1286.8023325588017,1743.2629733823005,703.2857759864884,703.2857759864884,703.2857759864884,877.8031290517239,849.5386107822753,849.5386107822753,746.6880312136831,1481.9436534533133,727.1661740477226,798.6880065186683,1206.4444462714878,716.2834096248965,1235.3506883767254,1124.9157347602845,1163.4241918706666,729.0540252876153,880.0113359171086,1411.7604836679352,2076.4301164451513,3143.569821093271,3155.755432280288,1007.2936429176572,1249.6433371475366,1249.6433371475366,610.0611985173296,0.0,519.9596856022571,546.1895498111202,1846.960745525258,2203.417801520531,2452.1808354817645,1144.111948419875,1284.1147973127079,1492.9318196999238,1297.3891632831858,1464.306243331515,783.5530486731514,1349.774225547084,1259.040691104587,726.8357273896246,0.0,1163.4241918706666,1244.7428475692645,1563.5534751000632,1533.881299391899,999.4199977028833,1596.4329834341547,1867.5416875620708,2098.0700599442007,1286.8023325588017,1383.3826883491563,1071.9532887495864,1091.5241641472749,5468.816309022481,5965.945342211971,6009.671381364875,5826.40115259376,5913.8385582703,4527.862254888213,9685.781022523905,10259.342908397126,10292.079153658886,10292.079153658886,10292.079153658886,6921.9978252435,6782.013675748011,9094.21313269925,10943.154957630291,10784.026294301797,10637.657996070071,11167.687401513602,9450.286028647726,9633.114501493252,6653.5742033888155,9990.94998157862,9990.94998157862,9990.94998157862,9946.67725967221,9927.599578299561,9781.193604061966,9781.193604061966,10292.079153658886,10292.079153658886,10292.079153658886,11087.270886812432,10251.196115433633,9350.346099365846,9771.19422041613,10245.008767785686,10262.494735406817,10245.008767785686,9909.434321959914,4510.12263102338,3584.0092008922447,3630.5494879549533,7608.773821311828,9304.943000233174,9004.24917965978,9420.253243537,9513.853833942218,9687.46608347153,9353.748192387831,9718.708950524186,9571.59409981373,9582.684353733284,9567.61749221998,5664.992860880875,5777.616044329016,7192.575392670545,6377.159527901521,6487.126408649153,5171.341463240622,5337.669421736324,4292.646299278107,3841.184574353057,9829.347036690522,10219.815117584703,10246.886798507796,4958.953049110965,6345.043898091359,6303.6336950009545,8476.097367990636,8470.343261576701,6638.797846346652,5400.183056926663,9981.977893924844,7144.95034688786,7053.534065849503
40,2313.709873382135,1653.2310247774412,285.9481439626052,444.0149242370249,409.9520262862578,253.93622545685702,421.50525068461195,1509.4867112947393,378.29427910526465,482.9492409447441,1040.6975482159305,1497.1581890394295,457.1809916436171,457.1809916436171,457.1809916436171,631.6983447088526,603.433826439404,603.433826439404,500.58324687081176,1235.8388691104421,409.9520262862578,481.4738587572036,960.339661928617,470.1786252820256,989.2459040338548,887.0605982093574,925.5690553197394,482.9492409447441,508.8188578485272,1130.654515729866,1659.7888560911995,2796.7852137515865,2808.9708249386035,1225.6110585332021,1123.2648372893282,1123.2648372893282,702.8240715919825,519.9596856022571,0.0,26.229864208863088,1430.3194851713063,1886.2036537590664,2134.9666877203003,1463.3130667179573,1035.9799845784446,1333.5299101881023,1360.2012284420555,1556.081847947592,834.9554249661567,1002.989618205399,1589.5762879310282,445.7297594515557,519.9596856022571,925.5690553197394,1092.904922372024,1411.7155499028227,1382.0433741946583,1329.9555945293243,1157.3728402935765,1520.757080220386,1751.2854526025158,1040.6975482159305,1137.277904006285,834.098152198659,853.6690275963477,5053.808947088401,5619.1607348702855,5662.886774023189,5479.6165452520745,5567.0539509286145,4181.077647546527,9338.996415182217,9912.558301055436,9945.294546317196,9945.294546317196,9945.294546317196,6575.2132179018145,6435.2290684063255,8747.42852535756,10596.370350288607,10437.241686960113,10290.873388728387,10820.902794171918,9103.501421306039,9286.329894151564,6236.9329430348635,9644.165374236936,9644.165374236936,9644.165374236936,9599.892652330525,9580.814970957877,9434.408996720282,9434.408996720282,9945.294546317196,9945.294546317196,9945.294546317196,10740.486279470748,9904.41150809195,9003.561492024162,9424.409613074446,9898.224160443997,9915.710128065128,9898.224160443997,9562.649714618225,4163.338023681694,3237.2245935505603,3283.764880613269,7261.989213970142,8958.158392891484,8657.464572318091,9073.46863619531,9167.06922660053,9340.681476129843,9006.963585046144,9371.924343182498,9224.809492472043,9235.899746391597,9220.832884878293,5318.208253539189,5430.831436987331,6845.790785328859,6030.374920559835,6140.341801307467,4824.556855898936,4990.884814394638,3895.3785629818235,3494.3999670113726,9482.562429348833,9873.030510243016,9900.102191166108,4612.1684417692795,6022.49265789391,5956.849087659269,8129.31276064895,8123.558654235014,6292.013239004966,5053.398449584977,9635.19328658316,6798.165739546174,6706.7494585078175
41,2339.939737590998,1679.4608889863043,312.1780081714682,470.244788445888,436.1818904951209,280.1660896657201,447.73511489347504,1535.7165755036024,404.5241433141277,509.1791051536071,1066.9274124247936,1523.3880532482926,483.41085585248015,483.41085585248015,483.41085585248015,657.9282089177157,629.6636906482671,629.6636906482671,526.8131110796749,1262.0687333193052,436.1818904951209,507.70372296606666,986.56952613748,496.40848949088866,1015.4757682427177,913.2904624182205,951.7989195286025,509.1791051536071,535.0487220573903,1156.8843799387291,1686.0187203000628,2823.0150779604496,2835.2006891474666,1251.8409227420652,1149.4947014981913,1149.4947014981913,729.0539358008456,546.1895498111202,26.229864208863088,0.0,1456.5493493801696,1912.4335179679294,2161.1965519291634,1489.5429309268204,1062.209848787308,1359.7597743969657,1386.4310926509186,1582.311712156455,861.1852891750198,1029.219482414262,1615.8061521398913,471.9596236604188,546.1895498111202,951.7989195286025,1119.134786580887,1437.9454141116855,1408.2732384035212,1356.1854587381874,1183.6027045024396,1546.986944429249,1777.5153168113789,1066.9274124247936,1163.5077682151482,860.3280164075221,879.8988918052108,5080.038811297265,5645.390599079148,5689.116638232052,5505.846409460937,5593.283815137477,4207.30751175539,9365.22627939108,9938.7881652643,9971.524410526059,9971.524410526059,9971.524410526059,6601.443082110677,6461.458932615188,8773.658389566423,10622.60021449747,10463.471551168976,10317.10325293725,10847.13265838078,9129.731285514901,9312.559758360427,6263.162807243728,9670.395238445799,9670.395238445799,9670.395238445799,9626.122516539388,9607.04483516674,9460.638860929144,9460.638860929144,9971.524410526059,9971.524410526059,9971.524410526059,10766.71614367961,9930.641372300812,9029.791356233025,9450.639477283308,9924.45402465286,9941.93999227399,9924.45402465286,9588.879578827087,4189.567887890556,3263.454457759423,3309.9947448221315,7288.219078179005,8984.388257100347,8683.694436526954,9099.698500404173,9193.299090809393,9366.911340338705,9033.193449255006,9398.15420739136,9251.039356680905,9262.12961060046,9247.062749087156,5344.438117748052,5457.061301196193,6872.0206495377215,6056.604784768698,6166.57166551633,4850.786720107799,5017.114678603501,3921.608427190688,3520.6298312202352,9508.792293557695,9899.260374451878,9926.33205537497,4638.398305978142,6048.722522102773,5983.078951868131,8155.542624857812,8149.7885184438765,6318.243103213828,5079.62831379384,9661.423150792023,6824.395603755037,6732.97932271668
42,1178.6929145076783,1279.0014200303747,1355.7239654387686,1076.8553688341235,1119.794571477535,1409.1462972869626,1549.9840055958907,2699.3768368103874,1661.9520241916841,1913.26872611605,2230.5876737315775,2687.048314555078,1887.5004768149229,1887.5004768149229,1887.5004768149229,2062.0178298801584,2033.7533116107097,2033.7533116107097,1930.9027320421176,2425.72899462609,1119.794571477535,1048.2727390065893,2390.659147099922,1900.498110453331,2419.56538920516,2317.380083380663,2355.8885404910443,1913.26872611605,1406.3397517227113,1861.303798194654,656.0813988187266,1590.229963990228,1602.415575177245,2655.9305437045077,2553.5843224606333,2553.5843224606333,1831.3028265032613,1846.9607455252578,1430.319485171306,1456.5493493801691,0.0,1442.3845958980826,1760.7370829732338,2414.314089437672,1872.1439995613155,2103.8987260879135,2253.46278417832,2459.386299951597,1851.3056054228991,685.818892229332,2703.9723972695824,1574.2085143628344,1846.9607455252578,2355.8885404910443,2523.224407543329,2842.0350350741282,2812.362859365964,2626.277566339886,298.8155482987508,796.1018475264667,1080.3321877259073,2230.5876737315775,2305.059065645258,2264.4176373699643,2283.988512767653,3794.0031705081565,4655.8609284233535,4699.586967576257,4516.316738805142,4603.754144481683,3217.777841099596,8375.696608735288,8949.258494608508,8981.994739870268,8981.994739870268,8981.994739870268,5611.913411454882,5471.929261959393,7784.1287189106315,9633.070543841677,9473.941880513177,9327.573582281451,9857.602987724982,8140.201614859111,8323.030087704636,4977.127166454619,8680.865567790006,8680.865567790006,8680.865567790006,8636.592845883595,8617.515164510947,8471.109190273348,8471.109190273348,8981.994739870268,8981.994739870268,8981.994739870268,9777.186473023812,8941.111701645013,8040.261685577227,8461.109806627512,8934.924353997068,8952.4103216182,8934.924353997068,8599.349908171296,3200.0382172347613,2273.924787103628,2300.6741397188443,6298.689407523209,7994.858586444553,7694.164765871158,8110.168829748378,8203.769420153598,8377.38166968291,8043.663778599213,8408.62453673557,8261.509686025114,8272.599939944668,8257.533078431361,4354.908447092258,4467.531630540399,5882.490978881927,5067.075114112903,5177.041994860535,3861.2570494520023,4027.5850079477073,2635.5727864015785,2531.1001605644406,8519.262622901902,8909.730703796087,8936.80238471918,3648.8686353223466,5059.192851446977,4838.602857240894,7166.012954202017,7160.258847788081,5328.713432558034,4090.098643138044,8671.89348013623,5834.865933099242,5743.4496520608855
43,1067.350289134155,301.3397935167336,1963.731803610052,1684.863207005407,1476.2516274728075,1765.6033532822348,1859.5036786537603,3382.8964681700195,2264.4979328643294,2369.15289470381,2914.1073050912096,3370.56794591471,2343.3846454026834,2343.3846454026834,2343.3846454026834,2517.901998467919,2489.6374801984703,2489.6374801984703,2386.786900629878,3109.2486259857214,1476.2516274728075,1404.7297950018617,2846.5433156876825,2356.382279041092,2875.4495577929206,2773.2642519684237,2811.772709078805,2369.15289470381,2089.859383082344,1497.3264485373104,978.677653812964,1586.6105963994835,1598.7962075865005,3005.5357338139706,3009.468491048394,3009.468491048394,2140.8224995611304,2203.41780152053,1886.2036537590652,1912.4335179679283,1442.3845958980826,0.0,635.0304903070116,2163.010305920358,1620.8402160440016,1719.1307277862372,2002.1590006610056,2208.0825164342828,2132.8116535494228,1044.8787204221862,2997.1050982867623,1883.728187420704,2203.41780152053,2811.772709078805,2979.1085761310896,3297.919203661889,3268.2470279537247,2935.7972393977557,1291.0904850478469,917.6250396940875,362.05240817217543,2914.1073050912096,3010.687660881564,2720.301805957725,2739.8726813554135,3779.666066803211,4276.7950999927,4320.521139145603,4137.250910374489,4224.688316051028,2838.712012668942,7996.630780304634,8570.192666177853,8602.928911439612,8602.928911439612,8602.928911439612,5232.847583024229,5092.86343352874,7405.062890479978,9254.004715411022,9094.876052082522,8948.507753850796,9478.537159294327,7761.135786428457,7943.964259273981,5296.177467635119,8301.79973935935,8301.79973935935,8301.79973935935,8257.52701745294,8238.449336080292,8092.043361842686,8092.043361842686,8602.928911439612,8602.928911439612,8602.928911439612,9398.120644593157,8562.045873214358,7661.195857146573,8082.043978196852,8555.85852556641,8573.34449318754,8555.85852556641,8220.284079740642,2820.972388804107,1894.8589586729738,1941.3992457356824,5919.623579092555,7615.792758013899,7315.098937440504,7731.103001317724,7824.703591722945,7998.315841252259,7664.59795016856,8029.558708304916,7882.4438575944605,7893.534111514015,7878.467250000709,3975.842618661604,4088.4658021097443,5503.425150451271,4688.0092856822475,4797.976166429879,3482.191221021348,3648.519179517053,2603.496057058836,2152.034332133787,8140.1967944712505,8530.664875365435,8557.736556288528,3269.8028068916924,4680.127023016323,4614.48345278168,6786.947125771362,6781.193019357426,4949.64760412738,3711.0328147073897,8292.827651705575,5455.800104668589,5364.383823630232
44,942.550027123055,550.1028274779673,2212.494837571285,1933.6262409666408,1725.0146614340413,2014.3663872434686,2108.2667126149936,3631.659502131254,2513.260966825563,2617.915928665044,3162.8703390524443,3619.3309798759446,2592.147679363917,2592.147679363917,2592.147679363917,2766.6650324291527,2738.400514159704,2738.400514159704,2635.5499345911117,3358.0116599469566,1725.0146614340413,1653.4928289630955,3095.3063496489162,2605.1453130023256,3124.212591754155,3022.0272859296574,3060.5357430400386,2617.915928665044,2338.6224170435785,1746.0894824985442,1220.1545274398432,1345.1378926646341,1357.3235038516511,3254.298767775204,3258.2315250096276,3258.2315250096276,2389.585533522364,2452.180835481764,2134.9666877202994,2161.1965519291625,1760.7370829732338,635.0304903070117,0.0,2411.7733398815917,1869.6032500052354,1967.893761747471,2250.9220346222396,2456.8455503955165,2381.5746875106565,1293.64175438342,3245.868132247996,2132.4912213819375,2452.180835481764,3060.5357430400386,3227.8716100923234,3546.6822376231225,3517.0100619149584,3184.560273358989,1552.8302511896504,1252.192733522884,754.1012008306056,3162.8703390524443,3259.450694842799,2969.0648399189586,2988.6357153166473,3639.9117021247566,4137.040735314246,4180.76677446715,3997.496545696035,4084.933951372575,2698.957647990488,7856.8764156261805,8430.438301499398,8463.174546761158,8463.174546761158,8463.174546761158,5093.093218345774,4953.109068850286,7265.308525801524,9114.250350732571,8955.121687404071,8808.753389172345,9338.782794615876,7621.381421750004,7804.209894595528,5156.4231029566645,8162.045374680897,8162.045374680897,8162.045374680897,8117.772652774486,8098.694971401838,7952.288997164233,7952.288997164233,8463.174546761158,8463.174546761158,8463.174546761158,9258.366279914706,8422.291508535907,7521.44149246812,7942.289613518398,8416.104160887953,8433.590128509086,8416.104160887953,8080.529715062188,2681.2180241256533,1755.1045939945197,1801.6448810572283,5779.8692144141005,7476.038393335446,7175.344572762051,7591.348636639271,7684.949227044492,7858.5614765738055,7524.843585490106,7889.8043436264625,7742.689492916007,7753.779746835562,7738.712885322256,3836.0882539831505,3948.711437431291,5363.670785772817,4548.254921003793,4658.221801751425,3342.4368563428943,3508.7648148385992,2463.7416923803817,2012.2799674553326,8000.442429792797,8390.910510686985,8417.982191610077,3130.0484422132386,4540.372658337868,4474.729088103225,6647.192761092908,6641.438654678972,4809.893239448927,3571.278450028936,8153.073287027121,5316.045739990134,5224.629458951778
45,2930.138895206537,1930.0376769387335,1682.0049281487206,1815.5699273977225,1606.958347865123,1478.3955745106266,1051.5623712004349,2326.246481726332,1579.0869230921942,1613.5578679660275,1888.121692263391,2313.9179594710226,1639.3261172671546,1639.3261172671546,1639.3261172671546,1618.4922898598245,1590.227771590376,1590.227771590376,1595.9238620399599,2083.2630131579026,1606.958347865123,1535.4365153941771,2161.132305915545,1670.9712692689543,2190.0385480207838,1677.5519443535923,1716.0604014639744,1613.5578679660275,1834.699195561167,839.7679536179963,2376.116333686745,3413.214235575989,3425.399846763006,1505.7984237459314,1770.5197071011237,1770.5197071011237,885.639227383333,1144.1119484198753,1463.3130667179578,1489.5429309268209,2414.314089437672,2163.010305920359,2411.773339881592,0.0,542.170089876357,750.9871122635728,555.4444558468347,321.3308963247092,640.6812868216829,1735.564997714588,1387.9708621473537,1027.3378624334912,1144.1119484198753,1716.0604014639744,1765.6192175228516,2084.4298450536503,2054.757669345486,1436.0599293297166,2206.407257654089,2137.186102044788,2145.9802107552205,1888.121692263391,2022.0524214314944,1624.589498342894,1644.1603737405826,5738.460723505199,6235.5897566946915,6279.315795847595,6096.0455670764795,6183.4829727530205,4797.506669370932,9955.425437006623,10528.987322879844,10561.723568141604,10561.723568141604,10561.723568141604,7191.642239726219,7051.6580902307305,9363.857547181971,11212.79937211301,11053.670708784515,10907.30241055279,11437.33181599632,9719.930443130444,9902.75891597597,7033.054422352682,10260.594396061339,10260.594396061339,10260.594396061339,10216.321674154928,10197.24399278228,10050.838018544684,10050.838018544684,10561.723568141604,10561.723568141604,10561.723568141604,11356.91530129515,10520.840529916351,9619.990513848565,10040.838634898848,10514.653182268405,10532.139149889535,10514.653182268405,10179.078736442632,4779.767045506099,3853.6536153749626,3900.193902437671,7878.4182357945465,9574.587414715896,9273.893594142502,9689.897658019721,9783.498248424936,9957.110497954249,9623.39260687055,9988.353365006904,9841.238514296449,9852.328768216003,9837.261906702699,5934.637275363594,6047.260458811736,7462.219807153263,6646.803942384239,6756.770823131871,5440.98587772334,5607.313836219044,4562.290713760825,4110.828988835775,10098.99145117324,10489.459532067422,10516.531212990514,5228.597463593685,6304.636402491185,6573.278109483673,8745.741782473351,8739.987676059416,6908.442260829371,5669.827471409381,10251.622308407563,7414.594761370578,7323.1784803322225
46,2387.968805330181,1387.8675870623765,1254.6718460092077,1359.955782994222,1151.3442034616226,1051.0624923711136,727.9675460999815,2466.2493306191645,1414.2742636837097,1518.9292255231887,2028.1245411562238,2453.920808363855,1493.1609762220617,1493.1609762220617,1493.1609762220617,1667.678329287297,1639.4138110178485,1639.4138110178485,1536.5632314492564,2223.2658620507364,1151.3442034616226,1079.8223709906767,1996.319646507061,1506.1586098604698,2025.2258886122988,1817.554793246425,1856.0632503568072,1518.9292255231887,1477.5425598951297,297.5978637416394,1833.9462438103888,2871.0441456996327,2883.2297568866497,1645.8012726387642,1910.5225559939565,1910.5225559939565,792.4977272517901,1284.114797312708,1035.9799845784448,1062.209848787308,1872.1439995613166,1620.8402160440016,1869.6032500052356,542.1700898763571,0.0,326.21054452532445,381.3187846170042,587.2423003902811,511.97143750542125,1193.3949078382318,1527.9737110401866,703.7430373330378,1284.114797312708,1856.0632503568072,1905.6220664156845,2224.4326939464836,2194.7605182383195,1576.0627782225495,1664.2371677777332,1595.016012168432,1603.8101208788632,2028.1245411562238,2162.0552703243275,1764.592347235727,1784.1632226334154,5196.2906336288415,5693.419666818332,5737.145705971236,5553.87547720012,5641.312882876661,4255.336579494573,9413.255347130264,9986.817233003483,10019.553478265243,10019.553478265243,10019.553478265243,6649.472149849859,6509.488000354371,8821.687457305607,10670.629282236652,10511.500618908158,10365.132320676432,10895.161726119963,9177.760353254085,9360.58882609961,6490.884332476325,9718.424306184981,9718.424306184981,9718.424306184981,9674.15158427857,9655.073902905922,9508.667928668327,9508.667928668327,10019.553478265243,10019.553478265243,10019.553478265243,10814.745211418793,9978.670440039994,9077.820423972207,9498.66854502249,9972.483092392044,9989.969060013174,9972.483092392044,9636.908646566271,4237.596955629739,3311.4835254986056,3358.023812561314,7336.248145918187,9032.417324839531,8731.723504266138,9147.727568143357,9241.328158548577,9414.94040807789,9081.22251699419,9446.183275130545,9299.06842442009,9310.158678339643,9295.09181682634,5392.467185487235,5505.090368935376,6920.049717276904,6104.63385250788,6214.600733255512,4898.815787846981,5065.143746342685,4020.1206238844675,3568.658898959418,9556.82136129688,9947.289442191062,9974.361123114155,4686.427373717324,5762.46631261483,6031.1080196073135,8203.571692596994,8197.817586183059,6366.2721709530115,5127.657381533022,9709.452218531205,6872.424671494219,6781.008390455863
47,2514.276831501033,1486.1580988046117,1552.221771618865,1639.719515133854,1431.1079356012544,1348.612417980771,1025.517471709639,2675.066353006381,1711.824189293367,1816.479151132846,2236.9415635434393,2662.7378307510717,1790.710901831719,1790.710901831719,1790.710901831719,1965.2282548969542,1936.9637366275058,1936.9637366275058,1834.1131570589137,2432.082884437951,1431.1079356012544,1359.5861031303086,2293.8695721167182,1803.7085354701271,2322.775814221956,2026.3718156336413,2064.880272744023,1816.479151132846,1775.092485504787,364.6070715767633,2065.700970336986,2997.3521718704847,3009.5377830575017,1854.6182950259804,2119.339578381173,2119.339578381173,1001.3147496390061,1492.9318196999243,1333.5299101881021,1359.7597743969652,2103.8987260879135,1719.1307277862368,1967.8937617474708,750.9871122635731,326.2105445253244,0.0,590.13580700422,796.0593227774971,720.7884598926372,1425.149634364829,1736.7907334274028,1001.2929629426953,1492.9318196999243,2064.880272744023,2114.4390888029006,2433.2497163337,2403.5775406255357,1784.8798006097657,1895.9918943043303,1826.7707386950292,1702.1006326210984,2236.9415635434393,2370.872292711543,1973.4093696229431,1992.9802450206316,5322.598659799693,5819.727692989185,5863.4537321420885,5680.183503370973,5767.620909047514,4381.644605665426,9539.563373301116,10113.125259174338,10145.861504436098,10145.861504436098,10145.861504436098,6775.780176020712,6635.796026525224,8947.995483476463,10796.937308407507,10637.808645079012,10491.440346847286,11021.469752290817,9304.068379424938,9486.896852270464,6722.639059002921,9844.732332355836,9844.732332355836,9844.732332355836,9800.459610449425,9781.381929076777,9634.975954839181,9634.975954839181,10145.861504436098,10145.861504436098,10145.861504436098,10941.053237589647,10104.978466210849,9204.128450143062,9624.976571193345,10098.791118562898,10116.277086184029,10098.791118562898,9763.216672737126,4363.904981800592,3437.7915516694584,3484.331838732167,7462.55617208904,9158.725351010387,8858.031530436994,9274.035594314213,9367.63618471943,9541.248434248742,9207.530543165043,9572.491301301397,9425.376450590942,9436.466704510496,9421.399842997193,5518.775211658088,5631.398395106229,7046.357743447757,6230.941878678733,6340.908759426365,5025.123814017834,5191.451772513537,4146.428650055321,3694.9669251302707,9683.129387467734,10073.597468361915,10100.669149285008,4812.735399888178,5860.756824357066,6157.416045778166,8329.879718767846,8324.125612353911,6492.580197123864,5253.965407703875,9835.76024470206,6998.732697665072,6907.316416626716
48,2769.287589947184,1769.1863716793807,1578.8930898728188,1712.4580891218204,1503.846509589221,1375.2837362347248,948.4505329245326,2479.523696589642,1732.3641379555047,1766.835082829338,2041.3989071267017,2467.1951743343325,1792.603332130465,1792.603332130465,1792.603332130465,1771.769504723135,1743.5049864536866,1743.5049864536866,1749.2010769032704,2236.540228021214,1503.846509589221,1432.324677118275,2314.409520778856,1824.2484841322648,2343.315762884094,1830.8291592169028,1869.3376163272849,1766.835082829338,1801.7638037587408,678.9166483586437,2215.265028427392,3252.362930316636,3264.548541503653,1659.0756386092417,1923.796921964434,1923.796921964434,805.7720932222678,1297.3891632831858,1360.201228442056,1386.431092650919,2253.46278417832,2002.1590006610058,2250.9220346222396,555.4444558468347,381.3187846170042,590.13580700422,0.0,600.5166663607588,525.2458034758988,1574.713692455235,1541.2480770106645,924.2260241575889,1297.3891632831858,1869.3376163272849,1918.896432386162,2237.707059916961,2208.034884208797,1589.337144193027,2045.5559523947368,1976.3347967854356,1985.1289054958675,2041.3989071267017,2175.329636294805,1777.8667132062046,1797.4375886038931,5577.6094182458455,6074.738451435338,6118.4644905882415,5935.194261817126,6022.631667493667,4636.655364111579,9794.574131747268,10368.136017620489,10400.872262882249,10400.872262882249,10400.872262882249,7030.790934466865,6890.806784971377,9203.006241922618,11051.948066853656,10892.819403525162,10746.451105293436,11276.480510736967,9559.07913787109,9741.907610716615,6872.203117093329,10099.743090801985,10099.743090801985,10099.743090801985,10055.470368895574,10036.392687522926,9889.98671328533,9889.98671328533,10400.872262882249,10400.872262882249,10400.872262882249,11196.063996035797,10359.989224656998,9459.139208589211,9879.987329639494,10353.80187700905,10371.28784463018,10353.80187700905,10018.227431183277,4618.915740246745,3692.8023101156095,3739.342597178318,7717.566930535193,9413.736109456542,9113.042288883149,9529.046352760368,9622.64694316558,9796.259192694893,9462.541301611194,9827.502059747549,9680.387209037093,9691.477462956647,9676.410601443344,5773.785970104241,5886.409153552382,7301.3685018939095,6485.952637124886,6595.919517872518,5280.134572463987,5446.46253095969,4401.439408501472,3949.977683576422,9938.140145913885,10328.608226808066,10355.679907731159,5067.746158334331,5915.754669084158,6412.426804224319,8584.890477214,8579.136370800064,6747.590955570017,5508.976166150028,10090.77100314821,7253.743456111225,7162.327175072869
49,2975.211105720461,1975.1098874526579,1774.773709378355,1908.338708627357,1699.7271290947574,1571.164355740261,1144.3311524300696,2591.8772370427328,1899.2812180038343,1933.7521628776676,2208.3159871750304,2579.5487147874233,1959.5204121787947,1959.5204121787947,1959.5204121787947,1938.6865847714646,1910.4220665020162,1910.4220665020162,1916.1181569516,2135.338571278548,1699.7271290947574,1628.2052966238116,2481.3266008271853,1991.1655641805944,2510.232842932424,1997.7462392652324,2036.2546963756145,1933.7521628776676,1997.644423264277,884.8401641319206,2421.1885442006687,3458.2864460899127,3470.4720572769297,1821.9583306732038,1765.63689494748,1765.63689494748,1001.6527127278046,1464.3062433315154,1556.0818479475922,1582.3117121564553,2459.3862999515964,2208.082516434283,2456.8455503955165,321.3308963247092,587.2423003902812,796.0593227774972,600.5166663607588,0.0,721.1264229814356,1780.6372082285122,1386.3696475381294,1120.1066436631259,1464.3062433315154,2036.2546963756145,2031.2499728392527,2350.060600370051,2320.388424661887,1752.219836256989,2251.479468168013,2182.2583125587125,2191.052421269145,2208.3159871750304,2342.246716343134,1944.7837932545342,1964.3546686522227,5783.532934019124,6280.661967208614,6324.388006361518,6141.117777590403,6228.5551832669435,4842.578879884856,10000.497647520548,10574.059533393769,10606.795778655529,10606.795778655529,10606.795778655529,7236.714450240143,7096.730300744654,9408.929757695896,11257.871582626936,11098.742919298442,10952.374621066716,11482.404026510247,9765.00265364437,9947.831126489895,7078.126632866607,10305.666606575265,10305.666606575265,10305.666606575265,10261.393884668854,10242.316203296206,10095.91022905861,10095.91022905861,10606.795778655529,10606.795778655529,10606.795778655529,11401.987511809077,10565.912740430278,9665.062724362491,10085.910845412775,10559.72539278233,10577.21136040346,10559.72539278233,10224.150946956557,4824.839256020023,3898.7258258888864,3945.266112951595,7923.490446308471,9619.65962522982,9318.965804656427,9734.969868533646,9828.57045893886,10002.182708468174,9668.464817384474,10033.425575520829,9886.310724810373,9897.400978729927,9882.334117216624,5979.709485877518,6092.3326693256595,7507.292017667188,6691.876152898164,6801.843033645796,5486.058088237265,5652.386046732967,4607.36292427475,4155.901199349699,10144.063661687165,10534.531742581346,10561.603423504439,5273.669674107608,6349.70861300511,6618.350319997598,8790.813992987276,8785.059886573341,6953.514471343295,5714.899681923306,10296.69451892149,7459.666971884503,7368.250690846146
50,2664.8393406214614,1899.8390245677979,1053.6472863969198,1187.2122856459216,978.600706113322,850.0379327588258,423.20472944863394,1965.687581979608,1213.2497040714218,1252.9989682193036,1527.562792516667,1953.3590597242983,1278.7672175204307,1278.7672175204307,1278.7672175204307,1257.9333901131006,1229.6688718436521,1229.6688718436521,1235.364962293236,1722.7041134111787,978.600706113322,907.0788736423763,1795.2950868947732,1305.1340502481821,1824.2013290000111,1316.9930446068684,1355.5015017172504,1252.9989682193036,1276.5180002828417,809.5693012470606,2080.7749763427933,3147.914680990913,3160.10029217793,1145.2395239992077,1409.9608073544,1409.9608073544,280.526289746369,783.5530486731515,834.9554249661569,861.18528917502,1851.3056054229,2132.8116535494228,2381.574687510656,640.681286821683,511.97143750542125,720.7884598926372,525.2458034758989,721.1264229814356,0.0,1354.119085444726,1059.6167393514413,398.9802206816902,783.5530486731515,1355.5015017172504,1405.0603177761282,1723.8709453069266,1694.1987695987623,1075.501029582993,1627.2079342089378,1871.8865474597128,2102.4149198418427,1527.562792516667,1661.4935216847705,1264.0305985961702,1283.6014739938587,5473.161168920123,5970.290202109614,6014.016241262518,5830.746012491402,5918.183418167943,4532.207114785855,9690.125882421546,10263.687768294767,10296.424013556527,10296.424013556527,10296.424013556527,6926.342685141141,6786.358535645653,9098.557992596892,10947.499817527932,10788.371154199438,10642.002855967712,11172.032261411243,9454.630888545367,9637.459361390893,6657.919063286457,9995.294841476261,9995.294841476261,9995.294841476261,9951.02211956985,9931.944438197203,9785.538463959607,9785.538463959607,10296.424013556527,10296.424013556527,10296.424013556527,11091.615746710073,10255.540975331274,9354.690959263487,9775.53908031377,10249.353627683327,10266.839595304458,10249.353627683327,9913.779181857555,4514.467490921022,3588.3540607898867,3634.8943478525953,7613.118681209469,9309.287860130817,9008.594039557423,9424.598103434642,9518.198693839859,9691.810943369172,9358.093052285472,9723.053810421827,9575.938959711371,9587.029213630925,9571.962352117622,5669.337720778517,5781.960904226658,7196.920252568186,6381.504387799162,6491.471268546794,5175.686323138263,5342.014281633967,4296.991159175749,3845.529434250699,9833.691896588163,10224.159977482344,10251.231658405437,4963.297909008607,6274.43775012025,6307.978554898596,8480.442227888278,8474.688121474343,6643.142706244294,5404.527916824304,9986.322753822486,7149.295206785501,7057.878925747145
51,1310.720255176736,811.9060914405611,1078.9569579301165,800.0883613254714,622.608051499361,911.9597773087887,1052.7974856177166,2498.121622490085,1381.2838973106636,1485.9388591501427,2029.3324594112753,2485.7931002347755,1460.1706098490156,1460.1706098490156,1460.1706098490156,1634.6879629142509,1606.4234446448024,1606.4234446448024,1503.5728650762103,2224.473780305788,622.608051499361,551.0862190284153,1963.3292801340149,1473.1682434874238,1992.2355222392528,1890.0502164147558,1928.558673525138,1485.9388591501427,1205.0845374024086,1182.55470647157,756.6976936569434,1793.7955955461864,1805.9812067332034,2167.6437796889254,2126.2544554947267,2126.2544554947267,1334.116306525087,1349.7742255470837,1002.9896182053989,1029.2194824142618,685.818892229332,1044.8787204221862,1293.64175438342,1735.5649977145874,1193.3949078382313,1425.1496343648291,1574.7136924552353,1780.637208228512,1354.1190854447257,0.0,2206.785877291408,1077.0219943846603,1349.7742255470837,1928.558673525138,2095.8945405774225,2414.705168108221,2385.032992400057,2129.091046361711,477.91206044574886,517.7674620149864,748.2958343971164,2029.3324594112753,2125.9128152016297,1837.0877704040577,1856.6586458017462,4119.042083475398,4616.171116664887,4659.897155817791,4476.6269270466755,4564.064332723216,3178.0880293411287,8336.00679697682,8909.56868285004,8942.3049281118,8942.3049281118,8942.3049281118,5572.223599696415,5432.2394502009265,7744.438907152165,9593.38073208321,9434.25206875471,9287.883770522983,9817.913175966514,8100.511803100644,8283.340275946168,5402.3533424295265,8641.175756031538,8641.175756031538,8641.175756031538,8596.903034125127,8577.82535275248,8431.41937851488,8431.41937851488,8942.3049281118,8942.3049281118,8942.3049281118,9737.496661265344,8901.421889886546,8000.57187381876,8421.419994869044,8895.2345422386,8912.720509859731,8895.2345422386,8559.660096412828,3160.348405476294,2234.234975345161,2280.7752624078694,6258.999595764742,7955.168774686086,7654.474954112691,8070.479017989911,8164.079608395132,8337.691857924445,8003.9739668407465,8368.934724977102,8221.819874266646,8232.9101281862,8217.843266672895,4315.218635333789,4427.841818781931,5842.801167123459,5027.385302354435,5137.352183102067,3821.567237693535,3987.89519618924,2942.8720737310236,2491.410348805973,8479.572811143435,8870.04089203762,8897.112572960712,3609.178823563879,5019.50303968851,4953.859469453866,7126.323142443549,7120.569036029613,5289.023620799567,4050.4088313795764,8632.203668377762,5795.176121340774,5703.7598403024185
52,3517.5061324681433,2764.132469305136,1808.2681493617904,1966.33492963621,1775.851037186352,1604.6587957236964,1202.6179381261047,1787.6795753000267,1694.015665776906,1312.4130678226923,1526.2822304303536,1775.351053044717,1338.1813171238193,1338.1813171238193,1338.1813171238193,1317.3474897164892,1289.0829714470408,1289.0829714470408,1294.7790618966246,1331.140909535842,1775.851037186352,1704.3292047154061,2051.1387399254054,1560.9777032788143,2080.0449820306435,1376.407144210257,1414.915601320639,1312.4130678226923,1949.6279382458788,1825.5715747818265,2933.4417681894756,4000.581472837595,4012.767084024612,999.7151676793168,961.4392332047742,961.4392332047742,1028.3335568092812,1259.040691104587,1589.5762879310275,1615.8061521398906,2703.9723972695815,2997.1050982867614,3245.8681322479947,1387.9708621473535,1527.9737110401866,1736.7907334274023,1541.2480770106642,1386.3696475381296,1059.6167393514415,2206.7858772914074,0.0,1178.393429359161,1259.040691104587,1414.915601320639,1227.0523110965469,1545.8629386273453,1516.190762919181,929.976673263102,2479.8747260556197,2724.5533393063943,2955.081711688524,1526.2822304303536,1720.907621288159,1250.605918295443,1343.0155735972473,6325.8279607668055,6822.956993956299,6866.683033109202,6683.412804338087,6770.850210014628,5384.87390663254,10542.79267426823,11116.354560141452,11149.090805403212,11149.090805403212,11149.090805403212,7779.009476987826,7639.025327492338,9951.22478444358,11800.166609374619,11641.037946046124,11494.669647814399,12024.69905325793,10307.297680392052,10490.126153237577,7510.585855133141,10847.961633322948,10847.961633322948,10847.961633322948,10803.688911416537,10784.611230043889,10638.205255806293,10638.205255806293,11149.090805403212,11149.090805403212,11149.090805403212,11944.28253855676,11108.20776717796,10207.357751110174,10628.205872160457,11102.020419530012,11119.506387151143,11102.020419530012,10766.44597370424,5367.134282767706,4441.0208526365695,4487.561139699277,8465.785473056152,10161.954651977505,9861.260831404112,10277.26489528133,10370.865485686543,10544.477735215856,10210.759844132157,10575.720602268511,10428.605751558056,10439.69600547761,10424.629143964306,6522.004512625202,6634.627696073343,8049.58704441487,7234.171179645847,7344.138060393479,6028.353114984948,6194.681073480651,5149.657951022432,4698.196226097383,10686.358688434848,11076.826769329029,11103.898450252122,5815.964700855292,7138.73119485759,7160.64534674528,9333.109019734957,9327.354913321022,7495.809498090978,6257.194708670989,10838.989545669172,8001.961998632186,7910.54571759383
53,2387.7422495613964,1650.755558439079,664.4216208823186,806.0691873597902,597.4576078271907,460.81226724422464,24.224508766943742,1942.2556043736656,824.0240385568206,928.6790003963002,1486.4273076674865,1929.9270821183559,902.9107510951733,902.9107510951733,902.9107510951733,1077.4281041604086,1049.1635858909601,1049.1635858909601,946.313006322368,1681.5686285619981,597.4576078271907,525.935775356245,1406.0694213801726,915.9083847335814,1434.9756634854105,1293.561067000926,1332.069524111308,928.6790003963002,887.2923347682405,798.4175684844594,1803.6778852827279,2870.817589930848,2883.003201117865,1121.8075463932655,1386.5288297484578,1386.5288297484578,257.0943121404269,726.8357273896247,445.72975945155576,471.95962366041886,1574.2085143628346,1883.7281874207042,2132.4912213819384,1027.3378624334916,703.7430373330377,1001.2929629426952,924.2260241575888,1120.1066436631259,398.9802206816901,1077.0219943846605,1178.393429359161,0.0,726.8357273896247,1332.069524111308,1381.6283401701858,1700.4389677009844,1670.7667919928201,1052.0690519770508,1323.6807522717315,1594.7894563996474,1825.3178287817773,1486.4273076674865,1583.0076634578413,1240.5986209902278,1260.1694963879163,5196.064077860057,5693.193111049546,5736.91915020245,5553.648921431335,5641.086327107875,4255.110023725788,9413.028791361477,9986.590677234697,10019.326922496457,10019.326922496457,10019.326922496457,6649.245594081075,6509.261444585586,8821.46090153682,10670.402726467868,10511.274063139374,10364.905764907648,10894.935170351178,9177.5337974853,9360.362270330825,6380.821972226392,9718.197750416197,9718.197750416197,9718.197750416197,9673.925028509786,9654.847347137138,9508.441372899542,9508.441372899542,10019.326922496457,10019.326922496457,10019.326922496457,10814.518655650008,9978.44388427121,9077.593868203423,9498.441989253706,9972.256536623257,9989.742504244388,9972.256536623257,9636.682090797485,4237.370399860954,3311.256969729821,3357.7972567925294,7336.021590149403,9032.190769070745,8731.496948497352,9147.50101237457,9241.10160277979,9414.713852309103,9080.995961225404,9445.956719361759,9298.841868651303,9309.932122570857,9294.865261057554,5392.24062971845,5504.863813166591,6919.8231615081195,6104.407296739096,6214.374177486728,4898.589232078197,5064.917190573899,4019.894068115683,3568.432343190633,9556.594805528093,9947.062886422276,9974.134567345369,4686.20081794854,6025.354283991533,6030.881463838529,8203.34513682821,8197.591030414274,6366.045615184226,5127.430825764238,9709.225662762421,6872.198115725435,6780.781834687078
54,2660.4944807238194,1970.4451725389058,738.6515470330199,896.7183273074396,727.1661740477226,535.042193394926,702.6112186226809,1755.5914956376103,624.3990634481356,729.0540252876153,1286.8023325588017,1743.2629733823005,703.2857759864884,703.2857759864884,703.2857759864884,877.8031290517239,849.5386107822753,849.5386107822753,746.6880312136831,1481.9436534533133,727.1661740477226,798.6880065186683,1206.4444462714878,716.2834096248965,1235.3506883767254,1124.9157347602845,1163.4241918706666,729.0540252876153,880.0113359171086,1411.7604836679352,2076.4301164451513,3143.569821093271,3155.755432280288,1007.2936429176572,1249.6433371475366,1249.6433371475366,610.0611985173296,0.0,519.9596856022571,546.1895498111202,1846.960745525258,2203.417801520531,2452.1808354817645,1144.111948419875,1284.1147973127079,1492.9318196999238,1297.3891632831858,1464.306243331515,783.5530486731514,1349.774225547084,1259.040691104587,726.8357273896246,0.0,1163.4241918706666,1244.7428475692645,1563.5534751000632,1533.881299391899,999.4199977028833,1596.4329834341547,1867.5416875620708,2098.0700599442007,1286.8023325588017,1383.3826883491563,1071.9532887495864,1091.5241641472749,5468.816309022481,5965.945342211971,6009.671381364875,5826.40115259376,5913.8385582703,4527.862254888213,9685.781022523905,10259.342908397126,10292.079153658886,10292.079153658886,10292.079153658886,6921.9978252435,6782.013675748011,9094.21313269925,10943.154957630291,10784.026294301797,10637.657996070071,11167.687401513602,9450.286028647726,9633.114501493252,6653.5742033888155,9990.94998157862,9990.94998157862,9990.94998157862,9946.67725967221,9927.599578299561,9781.193604061966,9781.193604061966,10292.079153658886,10292.079153658886,10292.079153658886,11087.270886812432,10251.196115433633,9350.346099365846,9771.19422041613,10245.008767785686,10262.494735406817,10245.008767785686,9909.434321959914,4510.12263102338,3584.0092008922447,3630.5494879549533,7608.773821311828,9304.943000233174,9004.24917965978,9420.253243537,9513.853833942218,9687.46608347153,9353.748192387831,9718.708950524186,9571.59409981373,9582.684353733284,9567.61749221998,5664.992860880875,5777.616044329016,7192.575392670545,6377.159527901521,6487.126408649153,5171.341463240622,5337.669421736324,4292.646299278107,3841.184574353057,9829.347036690522,10219.815117584703,10246.886798507796,4958.953049110965,6345.043898091359,6303.6336950009545,8476.097367990636,8470.343261576701,6638.797846346652,5400.183056926663,9981.977893924844,7144.95034688786,7053.534065849503
55,3239.2789287018745,2578.80008009718,1144.5220502455193,1302.588830519939,1335.5210816059976,1179.5052807765967,1347.0743060043515,905.8332780071632,875.0768492432151,442.61981437499537,603.1579718650339,893.5047557518535,468.38806367612233,468.38806367612233,468.38806367612233,447.55423626879247,419.2897179993439,419.2897179993439,424.9858084489276,798.2992927595459,1335.5210816059976,1407.0429140769434,1181.3454864777088,691.1844498311176,1210.2517285829465,179.80793540911725,0.0,442.61981437499537,1077.324376285478,2056.2235710496057,2585.35791141094,3722.354269071326,3734.539880258343,555.8248517703636,453.47863052648967,453.47863052648967,1182.0096515614289,1163.424191870667,925.5690553197397,951.7989195286028,2355.8885404910457,2811.7727090788053,3060.5357430400386,1716.0604014639741,1856.0632503568072,2064.880272744023,1869.3376163272849,2036.2546963756142,1355.501501717251,1928.558673525139,1414.9156013206398,1332.0695241113085,1163.424191870667,0.0,423.1187156091853,741.9293431399843,712.2571674318198,671.2397670083966,2080.628651055312,2446.3261355401255,2676.8545079222554,603.1579718650339,792.2361438749429,164.31194543582035,223.83102429743997,5979.378002408141,6544.729790190029,6588.455829342933,6405.185600571818,6492.623006248358,5106.646702866271,10264.565470501962,10838.127356375184,10870.863601636944,10870.863601636944,10870.863601636944,7500.782273221558,7360.798123726069,9672.99758067731,11521.939405608351,11362.810742279857,11216.44244404813,11746.471849491661,10029.070476625784,10211.89894947131,7162.501998354605,10569.73442955668,10569.73442955668,10569.73442955668,10525.46170765027,10506.384026277621,10359.978052040025,10359.978052040025,10870.863601636944,10870.863601636944,10870.863601636944,11666.055334790492,10829.980563411693,9929.130547343906,10349.97866839419,10823.793215763744,10841.279183384875,10823.793215763744,10488.218769937972,5088.9070790014375,4162.793648870301,4209.333935933009,8187.558269289886,9883.727448211235,9583.033627637842,9999.037691515061,10092.638281920275,10266.250531449588,9932.53264036589,10297.493398502244,10150.378547791788,10161.468801711342,10146.401940198039,6243.777308858933,6356.400492307074,7771.359840648603,6955.943975879579,7065.910856627211,5750.12591121868,5916.453869714382,4820.947618301565,4419.9690223311145,10408.13148466858,10798.599565562761,10825.671246485854,5537.737497089023,6948.061713213654,6882.418142979012,9054.881815968689,9049.127709554754,7217.582294324709,5978.967504904721,10560.762341902904,7723.734794865918,7632.318513827561
56,3406.6147957541593,2746.1359471494648,1311.857917297804,1469.9246975722237,1502.8569486582821,1346.8411478288813,1405.85284893713,783.9772990310082,1042.4127162955,609.9556814272801,770.4938389173185,771.6487767756985,635.723930728407,635.723930728407,635.723930728407,614.8901033210772,586.6255850516286,586.6255850516286,592.3216755012123,965.6351598118305,1502.8569486582821,1574.378781129228,1348.6813535299937,858.5203168834024,1377.5875956352313,384.6102584988032,423.11871560918524,609.9556814272801,1244.6602433377625,2180.0459086546457,2752.6937784632237,3889.690136123611,3901.875747310628,390.5835474034475,265.61307789177295,265.61307789177295,1231.5684676203066,1244.742847569265,1092.9049223720244,1119.1347865808875,2523.2244075433296,2979.10857613109,3227.8716100923234,1765.6192175228518,1905.622066415685,2114.4390888029006,1918.8964323861626,2031.249972839253,1405.0603177761286,2095.8945405774234,1227.0523110965473,1381.6283401701862,1244.742847569265,423.11871560918524,0.0,436.526225902523,406.85405019435854,505.9984626414806,2247.9645181075966,2613.6620025924103,2844.19037497454,770.4938389173185,959.5720109272274,258.806770173365,391.1668913497246,6146.713869460425,6712.065657242314,6755.7916963952175,6572.521467624103,6659.958873300643,5273.982569918556,10431.901337554247,11005.463223427469,11038.199468689229,11038.199468689229,11038.199468689229,7668.118140273843,7528.133990778354,9840.333447729598,11689.275272660636,11530.146609332141,11383.778311100416,11913.807716543946,10196.406343678069,10379.234816523594,7329.837865406888,10737.070296608965,10737.070296608965,10737.070296608965,10692.797574702554,10673.719893329906,10527.31391909231,10527.31391909231,11038.199468689229,11038.199468689229,11038.199468689229,11833.391201842776,10997.316430463978,10096.46641439619,10517.314535446474,10991.129082816029,11008.61505043716,10991.129082816029,10655.554636990257,5256.242946053722,4330.129515922586,4376.669802985293,8354.894136342169,10051.063315263522,9750.369494690129,10166.373558567348,10259.97414897256,10433.586398501873,10099.868507418174,10464.829265554528,10317.714414844073,10328.804668763627,10313.737807250323,6411.113175911218,6523.736359359359,7938.695707700887,7123.279842931864,7233.2467236794955,5917.461778270965,6083.7897367666665,4988.283485353849,4587.304889383399,10575.467351720865,10965.935432615046,10993.007113538139,5705.073364141308,7115.397580265939,7049.754010031297,9222.217683020974,9216.463576607039,7384.918161376994,6146.303371957006,10728.098208955189,7891.070661918203,7799.654380879846
57,3725.425423284957,3064.946574680263,1630.668544828602,1788.7353251030218,1821.6675761890801,1665.6517753596793,1724.6634764679286,1102.7879265618071,1361.223343826298,928.7663089580785,1089.3044664481172,1090.4594043064974,954.5345582592055,954.5345582592055,954.5345582592055,933.7007308518756,905.4362125824271,905.4362125824271,911.1323030320108,1284.4457873426288,1821.6675761890801,1893.189408660026,1667.4919810607917,1177.3309444142005,1696.3982231660295,703.420886029602,741.929343139984,928.7663089580785,1563.4708708685605,2498.856536185444,3071.504405994023,4208.500763654409,4220.686374841425,709.3941749342463,584.4237054225719,584.4237054225719,1550.3790951511053,1563.5534751000641,1411.7155499028224,1437.9454141116855,2842.0350350741287,3297.9192036618883,3546.6822376231216,2084.4298450536503,2224.4326939464845,2433.2497163337007,2237.7070599169615,2350.0606003700523,1723.8709453069273,2414.705168108221,1545.8629386273456,1700.438967700985,1563.5534751000641,741.929343139984,436.526225902523,0.0,29.67217570816446,824.8090901722793,2566.775145638395,2932.4726301232085,3163.001002505338,1089.3044664481172,1278.382638458026,577.6173977041636,709.9775188805232,6465.524496991224,7030.876284773112,7074.602323926016,6891.332095154901,6978.769500831441,5592.793197449354,10750.711965085045,11324.273850958267,11357.010096220027,11357.010096220027,11357.010096220027,7986.928767804641,7846.944618309152,10159.144075260392,12008.085900191434,11848.95723686294,11702.588938631214,12232.618344074745,10515.216971208867,10698.045444054393,7648.648492937688,11055.880924139763,11055.880924139763,11055.880924139763,11011.608202233352,10992.530520860704,10846.124546623108,10846.124546623108,11357.010096220027,11357.010096220027,11357.010096220027,12152.201829373575,11316.127057994776,10415.27704192699,10836.125162977272,11309.939710346827,11327.425677967958,11309.939710346827,10974.365264521055,5575.053573584521,4648.940143453384,4695.4804305160915,8673.704763872964,10369.873942794316,10069.180122220923,10485.184186098142,10578.784776503358,10752.397026032671,10418.679134948972,10783.639893085327,10636.525042374871,10647.615296294425,10632.548434781122,6729.923803442016,6842.546986890157,8257.506335231685,7442.090470462662,7552.057351210294,6236.272405801763,6402.600364297465,5307.094112884648,4906.1155169141975,10894.277979251663,11284.746060145844,11311.817741068937,6023.883991672106,7434.208207796737,7368.564637562095,9541.028310551768,9535.274204137833,7703.7287889077925,6465.113999487804,11046.908836485987,8209.881289449,8118.465008410644
58,3695.7532475767925,3035.274398972098,1600.9963691204377,1759.0631493948574,1791.9954004809158,1635.979599651515,1694.991300759764,1073.1157508536426,1331.5511681181338,899.0941332499142,1059.6322907399529,1060.7872285983328,924.8623825510412,924.8623825510412,924.8623825510412,904.0285551437113,875.7640368742627,875.7640368742627,881.4601273238465,1254.7736116344645,1791.9954004809158,1863.5172329518616,1637.8198053526273,1147.6587687060362,1666.7260474578652,673.7487103214377,712.2571674318197,899.0941332499142,1533.7986951603962,2469.1843604772794,3041.8322302858583,4178.828587946244,4191.01419913326,679.7219992260818,554.7515297144074,554.7515297144074,1520.7069194429407,1533.8812993918996,1382.043374194658,1408.2732384035212,2812.362859365964,3268.2470279537233,3517.0100619149566,2054.757669345486,2194.76051823832,2403.577540625536,2208.034884208797,2320.3884246618877,1694.1987695987627,2385.0329924000566,1516.1907629191815,1670.7667919928203,1533.8812993918996,712.2571674318197,406.85405019435854,29.67217570816446,0.0,795.1369144641149,2537.1029699302308,2902.8004544150435,3133.3288267971734,1059.6322907399529,1248.7104627498613,547.9452219959993,680.3053431723589,6435.852321283059,7001.204109064949,7044.930148217853,6861.659919446737,6949.097325123278,5563.12102174119,10721.03978937688,11294.601675250102,11327.337920511862,11327.337920511862,11327.337920511862,7957.256592096476,7817.272442600988,10129.471899552229,11978.413724483271,11819.285061154776,11672.91676292305,12202.946168366581,10485.544795500702,10668.373268346228,7618.976317229523,11026.2087484316,11026.2087484316,11026.2087484316,10981.936026525189,10962.858345152541,10816.452370914945,10816.452370914945,11327.337920511862,11327.337920511862,11327.337920511862,12122.529653665411,11286.454882286613,10385.604866218826,10806.45298726911,11280.267534638662,11297.753502259793,11280.267534638662,10944.69308881289,5545.3813978763565,4619.26796774522,4665.808254807927,8644.032588164799,10340.201767086153,10039.50794651276,10455.512010389979,10549.112600795193,10722.724850324506,10389.006959240807,10753.967717377162,10606.852866666706,10617.94312058626,10602.876259072957,6700.251627733852,6812.874811181993,8227.834159523522,7412.418294754497,7522.385175502129,6206.600230093598,6372.9281885893015,5277.421937176483,4876.443341206033,10864.605803543498,11255.07388443768,11282.145565360772,5994.211815963942,7404.536032088573,7338.89246185393,9511.356134843603,9505.602028429668,7674.056613199628,6435.441823779639,11017.236660777824,8180.209113740836,8088.79283270248
59,3439.811301538447,2702.8246104161294,1548.6474559600877,1706.7142362345073,1537.1620829747903,1345.0381023219936,1076.2935607439942,1066.6257268449604,1290.533767694711,858.0767328264913,1018.6148903165297,1054.2972045896506,883.8449821276182,883.8449821276182,883.8449821276182,863.0111547202883,834.7466364508398,834.7466364508398,840.4427269004235,1213.7562112110413,1537.1620829747903,1578.0048273332957,1596.8024049292044,1106.6413682826133,1625.7086470344423,632.7313098980146,671.2397670083966,858.0767328264913,1492.7812947369735,1850.48662046151,2855.746937259779,3922.8866419078986,3935.0722530949156,246.17766886455996,510.89895221975246,510.89895221975246,902.0091794271708,999.4199977028837,1329.9555945293248,1356.185458738188,2626.2775663398847,2935.7972393977548,3184.560273358988,1436.0599293297162,1576.0627782225492,1784.879800609765,1589.337144193027,1752.2198362569886,1075.5010295829927,2129.091046361711,929.9766732631017,1052.0690519770505,999.4199977028837,671.2397670083966,505.9984626414805,824.8090901722795,795.136914464115,0.0,2375.7498042487823,2646.8585083766984,2877.386880758828,1018.6148903165297,1207.6930623264382,506.92782157257625,639.2879427489358,6248.13312983711,6745.262163026602,6788.988202179506,6605.717973408391,6693.155379084931,5307.179075702844,10465.097843338535,11038.659729211757,11071.395974473517,11071.395974473517,11071.395974473517,7701.314646058131,7561.330496562642,9873.529953513886,11722.471778444924,11563.34311511643,11416.974816884704,11947.004222328234,10229.602849462357,10412.431322307883,7432.891024203444,10770.266802393253,10770.266802393253,10770.266802393253,10725.994080486842,10706.916399114194,10560.510424876598,10560.510424876598,11071.395974473517,11071.395974473517,11071.395974473517,11866.587707627064,11030.512936248266,10129.662920180479,10550.511041230762,11024.325588600317,11041.811556221448,11024.325588600317,10688.751142774545,5289.43945183801,4363.326021706874,4409.866308769581,8388.090642126457,10084.25982104781,9783.566000474417,10199.570064351636,10293.170654756848,10466.782904286161,10133.065013202462,10498.025771338816,10350.910920628361,10362.001174547915,10346.934313034611,6444.309681695506,6556.932865143647,7971.8922134851755,7156.476348716152,7266.443229463784,5950.658284055253,6116.986242550955,5071.963120092736,4620.501395167687,10608.663857505153,10999.131938399334,11026.203619322427,5738.269869925596,7077.423335968583,7082.950515815585,9255.414188805262,9249.660082391327,7418.114667161282,6179.499877741294,10761.294714739477,7924.267167702491,7832.850886664134
60,1296.5624014505222,1071.0945882467913,1056.9084171400177,778.0398205353727,869.2668093864321,1158.6185351958597,1299.4562435047878,2475.4719719202676,1388.322022561291,1638.0088366803159,2006.682808841458,2463.143449664958,1612.2405873791888,1612.2405873791888,1612.2405873791888,1786.757940444424,1758.4934221749756,1758.4934221749756,1655.6428426063835,2201.82412973597,869.2668093864321,797.7449769154864,2115.399257664188,1625.238221017597,2144.3054997694258,2042.120193944929,2080.6286510553105,1638.0088366803159,1182.434886832591,1653.3969664110714,636.0634689398731,1718.5318036979193,1730.7174148849363,2380.6706542687743,2278.3244330249,2278.3244330249,1580.7750644121584,1596.432983434155,1157.3728402935765,1183.6027045024396,298.81554829875074,1291.0904850478466,1552.8302511896504,2206.4072576540893,1664.237167777733,1895.991894304331,2045.555952394737,2251.479468168014,1627.2079342089373,477.91206044574886,2479.8747260556206,1323.6807522717315,1596.432983434155,2080.6286510553105,2247.9645181075957,2566.775145638395,2537.1029699302308,2375.7498042487823,0.0,655.1762827425123,929.0380768756713,2006.682808841458,2096.6512385398282,1989.1577479342309,2008.7286233319194,3922.3050102158477,4602.0132629386735,4645.739302091577,4462.4690733204625,4549.9064789970025,3163.9301756149152,8321.848943250608,8895.410829123828,8928.147074385588,8928.147074385588,8928.147074385588,5558.065745970202,5418.0815964747135,7730.2810534259515,9579.222878356997,9420.094215028495,9273.72591679677,9803.7553222403,8086.353949374431,8269.182422219956,5105.429006162311,8627.017902305326,8627.017902305326,8627.017902305326,8582.745180398915,8563.667499026267,8417.261524788666,8417.261524788666,8928.147074385588,8928.147074385588,8928.147074385588,9723.33880753913,8887.264036160332,7986.414020092547,8407.26214114283,8881.076688512389,8898.56265613352,8881.076688512389,8545.502242686616,3146.1905517500804,2220.0771216189473,2266.617408681656,6244.8417420385285,7941.010920959873,7640.317100386478,8056.321164263698,8149.921754668919,8323.534004198233,7989.816113114533,8354.776871250888,8207.662020540434,8218.752274459988,8203.685412946683,4301.060781607576,4413.683965055718,5828.643313397245,5013.227448628221,5123.194329375853,3807.4093839673214,3973.7373424630264,2763.8746261092697,2477.2524950797597,8465.41495741722,8855.883038311405,8882.954719234498,3595.0209698376657,5005.345185962297,4939.701615727652,7112.165288717336,7106.4111823034,5274.865767073354,4036.250977653363,8618.04581465155,5781.018267614562,5689.6019865762055
61,990.9812460668785,793.1099056243522,1596.724419945103,1317.8558233404578,1140.3755135143476,1429.727239323775,1570.5649476327033,3015.88908450507,1899.05135932565,2003.706321165129,2547.09992142626,3003.5605622497606,1977.938071864002,1977.938071864002,1977.938071864002,2152.455424929238,2124.190906659789,2124.190906659789,2021.3403270911967,2742.2412423207725,1140.3755135143476,1068.8536810434018,2481.096742149001,1990.9357055024102,2510.0029842542394,2407.8176784297425,2446.3261355401237,2003.706321165129,1722.8519994173948,1584.1758108017702,451.1961788491101,1474.0565864363289,1486.2421976233459,2685.4112417039123,2644.0219175097127,2644.0219175097127,1851.883768540074,1867.5416875620701,1520.7570802203852,1546.9869444292483,796.1018475264666,917.6250396940874,1252.1927335228843,2137.1861020447877,1595.0160121684316,1826.7707386950296,1976.3347967854354,2182.258312558713,1871.8865474597117,517.7674620149864,2724.5533393063947,1594.789456399647,1867.5416875620701,2446.3261355401237,2613.6620025924085,2932.4726301232076,2902.8004544150435,2646.858508376699,655.1762827425122,0.0,555.5726315219121,2547.09992142626,2643.6802772166157,2354.8552324190437,2374.4261078167324,3799.303074365541,4296.432107555031,4340.158146707934,4156.887917936819,4244.325323613359,2858.3490202312723,8016.267787866964,8589.829673740183,8622.565919001943,8622.565919001943,8622.565919001943,5252.484590586558,5112.50044109107,7424.699898042308,9273.64172297335,9114.51305964485,8968.144761413125,9498.174166856656,7780.772793990787,7963.601266836311,5108.134267515049,8321.43674692168,8321.43674692168,8321.43674692168,8277.164025015269,8258.08634364262,8111.680369405016,8111.680369405016,8622.565919001943,8622.565919001943,8622.565919001943,9417.757652155486,8581.682880776687,7680.832864708903,8101.680985759182,8575.495533128738,8592.98150074987,8575.495533128738,8239.921087302972,2840.6093963664375,1914.495966235304,1961.0362532980125,5939.260586654886,7635.429765576229,7334.735945002834,7750.740008880054,7844.340599285275,8017.952848814589,7684.23495773089,8049.195715867246,7902.08086515679,7913.171119076345,7898.104257563039,3995.4796262239347,4108.102809672076,5523.062158013602,4707.646293244578,4817.61317399221,3501.8282285836785,3668.1561870793835,2623.133064621166,2171.671339696117,8159.8338020335805,8550.301882927764,8577.373563850857,3289.439814454023,4699.764030578654,4634.12046034401,6806.584133333693,6800.830026919757,4969.28461168971,3730.66982226972,8312.464659267904,5475.437112230918,5384.020831192562
62,909.5785731348539,505.656150740276,1827.2527923272332,1548.3841957225882,1370.9038858964775,1660.2556117059048,1801.0933200148331,3246.417456887201,2129.57973170778,2234.2346935472597,2777.628293808391,3234.0889346318913,2208.466444246133,2208.466444246133,2208.466444246133,2382.9837973113686,2354.71927904192,2354.71927904192,2251.8686994733275,2972.769614702903,1370.9038858964775,1299.3820534255317,2711.625114531132,2221.4640778845414,2740.5313566363707,2638.3460508118733,2676.8545079222545,2234.2346935472597,1953.3803717995252,1480.296353372172,639.4284554457623,1428.8388804001822,1441.0244915871992,2915.9396140860417,2874.5502898918435,2874.5502898918435,2082.4121409222034,2098.0700599442,1751.2854526025155,1777.5153168113786,1080.3321877259075,362.05240817217543,754.1012008306055,2145.9802107552196,1603.8101208788632,1702.1006326210988,1985.1289054958672,2191.0524212691444,2102.4149198418418,748.2958343971167,2955.0817116885255,1825.3178287817768,2098.0700599442,2676.8545079222545,2844.1903749745393,3163.0010025053384,3133.3288267971743,2877.3868807588283,929.0380768756713,555.572631521912,0.0,2777.628293808391,2874.2086495987455,2585.3836048011744,2604.954480198863,3672.381868831748,4169.510902021238,4213.236941174141,4029.9667124030257,4117.404118079565,2731.427814697479,7889.346582333171,8462.90846820639,8495.64471346815,8495.64471346815,8495.64471346815,5125.563385052766,4985.579235557277,7297.778692508515,9146.72051743956,8987.59185411106,8841.223555879335,9371.252961322865,7653.851588456994,7836.680061302518,5188.893269663656,8194.515541387887,8194.515541387887,8194.515541387887,8150.2428194814765,8131.165138108829,7984.759163871223,7984.759163871223,8495.64471346815,8495.64471346815,8495.64471346815,9290.836446621695,8454.761675242897,7553.91165917511,7974.759780225389,8448.574327594944,8466.060295216075,8448.574327594944,8112.9998817691785,2713.688190832644,1787.5747607015107,1834.1150477642193,5812.339381121092,7508.508560042436,7207.814739469041,7623.818803346261,7717.419393751482,7891.031643280796,7557.313752197097,7922.274510333453,7775.159659622997,7786.249913542552,7771.183052029246,3868.558420690141,3981.1816041382813,5396.140952479806,4580.725087710783,4690.6919684584145,3374.907023049885,3541.23498154559,2496.211859087373,2044.7501341623235,8032.9125964997875,8423.380677393974,8450.452358317067,3162.5186089202293,4572.84282504486,4507.199254810216,6679.662927799899,6673.908821385963,4842.363406155917,3603.7486167359266,8185.543453734112,5348.5159066971255,5257.099625658769
63,3226.3913875593844,2681.134676109587,1114.6186908621642,1229.2440980858041,1437.8556776184037,1294.6337736727874,1462.2027989005423,786.3850677953807,662.4032691106657,575.6315440286605,0.0,774.0565455400709,601.3997933297875,601.3997933297875,601.3997933297875,580.5659659224576,552.3014476530091,552.3014476530091,557.9975381025928,195.14132089451198,1437.8556776184037,1509.3775100893495,1314.3572161313741,824.1961794847829,1343.2634582366118,564.6495147546518,603.1579718650339,575.6315440286605,824.2479220088667,2171.3520639457965,2565.8924550487354,3585.849561215373,3573.663950028356,903.1999750784967,800.8537538346229,800.8537538346229,1354.0709423608448,1286.8023325588015,1040.6975482159305,1066.9274124247936,2230.587673731578,2914.1073050912123,3162.8703390524456,1888.12169226339,2028.1245411562231,2236.9415635434393,2041.3989071267008,2208.315987175031,1527.5627925166668,2029.332459411276,1526.282230430354,1486.427307667486,1286.8023325588015,603.1579718650339,770.4938389173187,1089.3044664481174,1059.632290739953,1018.6148903165297,2006.6828088414582,2547.099921426263,2777.6282938083928,0.0,506.6740767264807,511.68706874395355,531.2579441416423,5839.886539874479,6531.8422490475405,6575.568288200444,6392.2980594293285,6479.7354651058695,5093.759161723781,10251.677929359472,10825.239815232693,10857.976060494453,10857.976060494453,10857.976060494453,7487.894732079068,7347.9105825835795,9660.11003953482,11509.051864465862,11349.923201137368,11203.554902905642,11733.584308349173,10016.182935483293,10199.011408328819,7023.010535820943,10556.846888414191,10556.846888414191,10556.846888414191,10512.57416650778,10493.496485135132,10347.090510897537,10347.090510897537,10857.976060494453,10857.976060494453,10857.976060494453,11653.167793648003,10817.093022269204,9916.243006201417,10337.0911272517,10810.905674621254,10828.391642242384,10810.905674621254,10475.331228795481,5076.019537858948,4149.906107727811,4196.446394790519,8174.6707281473955,9870.839907068745,9570.146086495351,9986.15015037257,10079.750740777785,10253.362990307098,9919.645099223399,10284.605857359753,10137.491006649298,10148.581260568852,10133.514399055548,6230.889767716443,6343.512951164585,7758.472299506112,6943.056434737088,7053.02331548472,5737.238370076189,5903.566328571893,4681.4561557679035,4407.081481188625,10395.24394352609,10785.71202442027,10812.783705343363,5524.849955946534,6935.174172071164,6869.530601836522,9041.994274826198,9036.240168412263,7204.69475318222,5966.07996376223,10547.874800760415,7710.8472537234275,7619.4309726850715
64,3322.9717433497385,2777.7150318999416,1211.199046652519,1325.8244538761587,1534.4360334087582,1391.2141294631422,1558.783154690897,975.4632398052895,758.9836249010206,709.5622731967641,506.6740767264806,963.1347175499798,735.330522497891,735.330522497891,735.330522497891,714.4966950905612,686.2321768211126,686.2321768211126,691.9282672706963,701.8153976209926,1534.4360334087582,1605.957865879704,1448.2879452994775,958.1269086528864,1477.1941874047154,753.7276867645608,792.2361438749427,709.5622731967641,920.8282777992215,2267.932419736151,2662.4728108390896,3542.7469509609,3530.561339773883,1092.2781470884054,989.9319258445317,989.9319258445317,1488.0016715289487,1383.382688349156,1137.2779040062853,1163.5077682151484,2305.0590656452596,3010.687660881567,3259.4506948428,2022.052421431494,2162.055270324328,2370.872292711544,2175.329636294805,2342.2467163431347,1661.4935216847707,2125.9128152016306,1720.9076212881591,1583.0076634578406,1383.382688349156,792.2361438749427,959.5720109272276,1278.3826384580261,1248.7104627498618,1207.6930623264384,2096.6512385398287,2643.6802772166175,2874.2086495987473,506.6740767264806,0.0,700.7652407538624,720.3361161515511,5862.790146536523,6628.422604837895,6672.1486439907985,6488.878415219683,6576.315820896224,5190.339517514136,10348.258285149826,10921.820171023048,10954.556416284808,10954.556416284808,10954.556416284808,7584.475087869422,7444.490938373934,9756.690395325177,11605.632220256217,11446.503556927722,11300.135258695997,11830.164664139527,10112.763291273648,10295.591764119174,7045.914142482988,10653.427244204546,10653.427244204546,10653.427244204546,10609.154522298135,10590.076840925487,10443.670866687891,10443.670866687891,10954.556416284808,10954.556416284808,10954.556416284808,11749.748149438357,10913.673378059559,10012.823361991772,10433.671483042055,10907.486030411608,10924.971998032739,10907.486030411608,10571.911584585836,5172.599893649302,4246.486463518166,4293.026750580872,8271.25108393775,9967.420262859101,9666.726442285708,10082.730506162927,10176.33109656814,10349.943346097452,10016.225455013753,10381.186213150108,10234.071362439652,10245.161616359206,10230.094754845903,6327.470123506798,6440.093306954939,7855.052655296467,7039.636790527443,7149.603671275075,5833.818725866544,6000.1466843622475,4704.359762429947,4503.661836978979,10491.824299316444,10882.292380210625,10909.364061133718,5621.430311736888,7031.754527861519,6966.110957626876,9138.574630616553,9132.820524202618,7301.275108972574,6062.660319552585,10644.45515655077,7807.427609513782,7716.011328475426
65,3147.808025580794,2487.3291769760995,1053.0511471244388,1211.1179273988585,1244.050178484917,1088.0343776555162,1255.603402883271,741.5213325713429,783.6059461221346,351.148911253915,511.6870687439536,729.1928103160332,376.91716055504196,376.91716055504196,376.91716055504196,356.08333314771215,327.8188148782636,327.8188148782636,333.5149053278473,706.8283896384655,1244.050178484917,1315.5720109558629,1089.8745833566286,599.7135467100371,1118.780825461866,125.8034883254383,164.31194543582035,351.148911253915,985.8534731643974,1964.7526679285252,2493.887008289859,3630.8833659502457,3643.0689771372627,391.5129063345431,289.16668509066926,289.16668509066926,1090.5387484403482,1071.9532887495868,834.0981521986592,860.3280164075223,2264.417637369965,2720.301805957725,2969.064839918958,1624.5894983428936,1764.5923472357267,1973.4093696229424,1777.8667132062044,1944.7837932545337,1264.0305985961702,1837.0877704040586,1250.6059182954436,1240.598620990228,1071.9532887495868,164.31194543582035,258.80677017336495,577.617397704164,547.9452219959994,506.92782157257625,1989.157747934231,2354.855232419045,2585.383604801175,511.6870687439536,700.7652407538625,0.0,132.3601211763596,5887.90709928706,6453.258887068949,6496.984926221852,6313.714697450737,6401.152103127278,5015.17579974519,10173.094567380882,10746.656453254103,10779.392698515863,10779.392698515863,10779.392698515863,7409.311370100476,7269.327220604988,9581.526677556229,11430.46850248727,11271.339839158776,11124.97154092705,11655.000946370581,9937.599573504704,10120.42804635023,7071.031095233525,10478.2635264356,10478.2635264356,10478.2635264356,10433.990804529189,10414.91312315654,10268.507148918945,10268.507148918945,10779.392698515863,10779.392698515863,10779.392698515863,11574.584431669411,10738.509660290612,9837.659644222826,10258.507765273109,10732.322312642664,10749.808280263795,10732.322312642664,10396.747866816891,4997.436175880356,4071.3227457492194,4117.863032811928,8096.087366168804,9792.256545090153,9491.56272451676,9907.566788393979,10001.167378799195,10174.779628328508,9841.061737244809,10206.022495381163,10058.907644670708,10069.997898590262,10054.931037076958,6152.3064057378515,6264.929589185993,7679.88893752752,6864.4730727584965,6974.439953506128,5658.655008097598,5824.982966593301,4729.4767151804845,4328.498119210033,10316.6605815475,10707.12866244168,10734.200343364773,5446.266593967942,6856.590810092573,6790.94723985793,8963.410912847608,8957.656806433673,7126.111391203628,5887.496601783639,10469.291438781824,7632.263891744836,7540.84761070648
66,3167.3789009784823,2506.900052373788,1072.6220225221275,1230.6888027965472,1263.6210538826056,1107.605253053205,1275.1742782809597,873.8814537477025,803.1768215198233,370.7197866516037,531.2579441416422,861.5529314923928,396.4880359527307,396.4880359527307,396.4880359527307,375.6542085454008,347.38969027595226,347.38969027595226,353.085780725536,726.3992650361541,1263.6210538826056,1335.1428863535514,1109.4454587543173,619.2844221077258,1138.3517008595547,185.32256718705787,223.83102429743997,370.7197866516037,1005.4243485620862,1984.323543326214,2513.4578836875476,3650.454241347934,3662.639852534951,523.8730275109027,421.52680626702886,421.52680626702886,1110.109623838037,1091.5241641472755,853.669027596348,879.8988918052111,2283.9885127676534,2739.8726813554135,2988.635715316647,1644.1603737405824,1784.1632226334154,1992.9802450206312,1797.4375886038931,1964.3546686522225,1283.601473993859,1856.6586458017468,1343.015573597248,1260.1694963879168,1091.5241641472755,223.83102429743997,391.16689134972455,709.9775188805236,680.305343172359,639.2879427489357,2008.7286233319198,2374.4261078167337,2604.954480198863,531.2579441416422,720.3361161515511,132.3601211763596,0.0,5907.477974684748,6472.829762466636,6516.555801619539,6333.285572848425,6420.722978524965,5034.746675142877,10192.665442778569,10766.22732865179,10798.96357391355,10798.96357391355,10798.96357391355,7428.882245498165,7288.898096002676,9601.097552953917,11450.039377884958,11290.910714556463,11144.542416324737,11674.571821768268,9957.17044890239,10139.998921747916,7090.601970631212,10497.834401833286,10497.834401833286,10497.834401833286,10453.561679926876,10434.483998554228,10288.078024316632,10288.078024316632,10798.96357391355,10798.96357391355,10798.96357391355,11594.155307067098,10758.0805356883,9857.230519620512,10278.078640670796,10751.89318804035,10769.379155661481,10751.89318804035,10416.318742214578,5017.007051278044,4090.8936211469077,4137.433908209617,8115.6582415664925,9811.827420487842,9511.133599914448,9927.137663791667,10020.738254196882,10194.350503726195,9860.632612642496,10225.59337077885,10078.478520068395,10089.568773987949,10074.501912474645,6171.877281135539,6284.500464583681,7699.459812925209,6884.043948156185,6994.010828903817,5678.225883495286,5844.553841990988,4749.047590578172,4348.068994607721,10336.231456945186,10726.699537839368,10753.77121876246,5465.83746936563,6876.16168549026,6810.518115255619,8982.981788245297,8977.227681831362,7145.682266601316,5907.067477181327,10488.86231417951,7651.8347671425245,7560.418486104168
67,3258.278816950455,3921.3766186755943,4979.213427355864,4700.344830751219,4741.650134974759,5031.001860784186,5171.839569093114,6308.675702953292,5271.25089033459,5536.758188033145,5839.886539874485,6296.347180697982,5510.989938732018,5510.989938732018,5510.989938732018,5685.507291797253,5657.242773527804,5657.242773527804,5554.392193959213,6035.027860768997,4741.650134974759,4670.128302503813,6014.148609017021,5523.987572370428,6043.054851122259,5940.869545297758,5979.378002408141,5536.758188033145,5015.638617865618,5100.7943805507675,3535.975250453459,2835.02451229713,2822.838901110113,6279.420005621603,6177.073784377731,6177.073784377731,5453.158390000485,5468.816309022482,5053.808947088402,5080.038811297266,3794.003170508156,3779.66606680321,3639.911702124756,5738.460723505198,5196.290633628841,5322.598659799693,5577.609418245846,5783.532934019121,5473.161168920122,4119.042083475398,6325.827960766804,5196.064077860057,5468.816309022482,5979.378002408141,6146.713869460424,6465.524496991223,6435.852321283058,6248.133129837107,3922.305010215847,3799.30307436554,3672.381868831747,5839.886539874485,5862.790146536524,5887.90709928706,5907.477974684749,0.0,3477.534623644479,3521.260662797383,3448.0503090689976,3419.0724915616615,2898.221172886501,6993.807550184279,7570.6956439896785,7603.4318892514375,7603.4318892514375,7603.4318892514375,4543.64698171874,4403.662832223251,6715.862289174488,8412.598019854293,8253.46935652579,8107.101058294066,8637.130463737598,6758.312556308102,6941.141029153626,2382.7017039243556,7460.39304380262,7460.39304380262,7460.39304380262,7416.120321896209,7397.042640523561,7250.6366662859555,7250.6366662859555,7603.4318892514375,7603.4318892514375,7603.4318892514375,8556.713949036428,7720.63917765763,6819.7891615898425,7240.637282640121,7556.361503378231,7573.847470999363,7556.361503378231,7220.787057552467,3131.598066847933,2402.4466612703786,2180.9393020538387,4843.002454045519,6926.59215670841,6625.898336135015,7041.9024000122345,6821.88036160259,6995.492611131904,6661.7747200482045,7026.735478184561,6879.620627474105,6890.71088139366,6875.644019880354,3291.6749306550705,3410.8292879605765,3993.046152952599,3177.630288183574,3287.597168931206,2645.7001589919028,2910.846901776788,1404.6066910020104,2659.622034731191,7140.699772283076,7527.841645245085,7554.913326168178,3268.0124054278217,3999.8880626075083,1666.451335266396,5710.326000724326,5704.57189431039,4260.44700282189,2200.653817208718,7451.420956148844,4766.5995033631,4675.183222324742
68,3850.962133898866,4418.505651865086,5582.067857346093,5303.199260741448,5238.7791681642475,5528.130893973675,5668.968602282603,7000.631412126343,5913.481462767366,6102.109975815029,6531.842249047536,6988.302889871034,6076.341726513902,6076.341726513902,6076.341726513902,6250.859079579137,6222.594561309688,6222.594561309688,6119.743981741097,6726.983569942048,5238.7791681642475,5167.257335693302,6579.500396798905,6089.339360152312,6608.406638904143,6506.221333079642,6544.729790190025,6102.109975815029,5707.594327038669,5597.923413740257,4109.022876870208,4176.209015931823,4164.023404744807,6783.814896353808,6742.425572159615,6742.425572159615,5950.287423189974,5965.9453422119705,5619.160734870286,5645.39059907915,4655.860928423353,4276.795099992701,4137.040735314246,6235.589756694688,5693.41966681833,5819.727692989183,6074.738451435336,6280.661967208611,5970.290202109611,4616.1711166648865,6822.9569939562925,5693.193111049546,5965.9453422119705,6544.729790190025,6712.065657242308,7030.876284773107,7001.204109064942,6745.262163026596,4602.013262938671,4296.432107555031,4169.510902021238,6531.842249047536,6628.422604837889,6453.258887068944,6472.829762466633,3477.5346236444807,0.0,43.72603915290379,294.5570158314456,154.86182543553497,1584.0602846609513,3838.4548849168527,4412.016770790071,4444.75301605183,4444.75301605183,4444.75301605183,1076.4154359775512,936.4312864820631,3250.2821165897244,5097.572568364345,4938.443905035847,4792.075606804124,5322.105012247653,3602.9598910406753,3785.7883638862,4525.198680958981,4145.367592312676,4145.367592312676,4145.367592312676,4101.094870406265,4082.017189033616,3935.6112147960143,3935.6112147960143,4444.75301605183,4444.75301605183,4444.75301605183,5241.688497546482,4405.613726167688,3504.763710099899,3925.6118311501805,4397.682630178624,4415.168597799757,4397.682630178624,4062.1081843528596,1815.9611478374486,2381.936141319727,2507.280895132097,2083.952066981051,3461.0119841236483,3160.3181635502524,3576.322227427473,3666.5276963351653,3840.1399458644782,3506.4220547807795,3871.3828129171347,3724.267962206679,3735.358216126234,3720.2913546129294,532.4497561052124,630.416982348263,2820.3991998517045,2574.5879211084766,2508.3298211035485,831.8344646525767,628.275920475647,3509.0055568654416,2527.2333977655144,3982.02089908347,4372.4889799776565,4399.56066090075,1917.7079756225799,925.7626330158437,2501.062088207908,2765.974557335379,2760.2204509214425,794.8668302371328,1597.6114501336203,4136.395504658899,1299.3679576219097,1209.6030497399827
69,3894.6881730517694,4462.23169101799,5625.793896498996,5346.925299894351,5282.505207317151,5571.856933126578,5712.694641435506,7044.357451279247,5957.207501920269,6145.836014967933,6575.568288200439,7032.028929023937,6120.067765666806,6120.067765666806,6120.067765666806,6294.58511873204,6266.320600462592,6266.320600462592,6163.470020894,6770.709609094952,5282.505207317151,5210.983374846205,6623.2264359518085,6133.065399305216,6652.132678057046,6549.947372232546,6588.455829342928,6145.836014967933,5751.320366191572,5641.649452893161,4152.748916023112,4219.935055084726,4207.749443897709,6827.540935506711,6786.151611312518,6786.151611312518,5994.013462342878,6009.671381364874,5662.88677402319,5689.116638232053,4699.586967576256,4320.521139145604,4180.76677446715,6279.315795847591,5737.145705971234,5863.453732142087,6118.46449058824,6324.388006361514,6014.016241262514,4659.89715581779,6866.683033109196,5736.91915020245,6009.671381364874,6588.455829342928,6755.791696395211,7074.60232392601,7044.930148217845,6788.988202179499,4645.739302091574,4340.158146707934,4213.23694117414,6575.568288200439,6672.148643990792,6496.984926221848,6516.555801619536,3521.2606627973846,43.72603915290379,0.0,337.34825617560426,111.13578628263119,1627.7863238138548,3794.7288457639484,4368.2907316371675,4401.0269768989265,4401.0269768989265,4401.0269768989265,1032.6893968246472,892.7052473291593,3206.5560774368205,5053.8465292114415,4894.717865882943,4748.34956765122,5278.378973094749,3559.233851887771,3742.0623247332956,4568.924720111883,4101.641553159772,4101.641553159772,4101.641553159772,4057.3688312533613,4038.2911498807125,3891.885175643111,3891.885175643111,4401.0269768989265,4401.0269768989265,4401.0269768989265,5197.962458393578,4361.887687014784,3461.0376709469956,3881.885791997277,4353.95659102572,4371.442558646852,4353.95659102572,4018.382145199955,1859.687186990352,2425.6621804726306,2551.0069342850006,2040.2260278281472,3417.2859449707444,3116.5921243973485,3532.596188274569,3622.801657182261,3796.413906711574,3462.696015627875,3827.6567737642304,3680.5419230537746,3691.6321769733295,3676.565315460025,576.1757952581162,674.1430215011667,2776.673160698801,2545.373471674447,2464.6037819506446,875.5605038054804,672.0019596285506,3552.731596018345,2570.959436918418,3938.2948599305655,4328.762940824752,4355.834621747846,1961.4340147754833,969.4886721687474,2544.788127360812,2722.248518182475,2716.4944117685386,751.1407910842291,1641.337489286524,4092.669465505995,1255.641918469006,1165.8770105870788
70,3711.4179442806553,4278.961462246876,5442.523667727884,5163.6550711232385,5099.2349785460365,5388.586704355464,5529.424412664392,6861.087222508134,5773.937273149157,5962.565786196818,6392.298059429327,6848.758700252824,5936.797536895691,5936.797536895691,5936.797536895691,6111.314889960926,6083.050371691477,6083.050371691477,5980.199792122886,6587.439380323839,5099.2349785460365,5027.713146075091,6439.956207180694,5949.795170534101,6468.862449285932,6366.677143461431,6405.185600571814,5962.565786196818,5568.05013742046,5458.379224122047,3969.4786872519967,4036.6648263136126,4024.4792151265956,6644.270706735597,6602.881382541404,6602.881382541404,5810.743233571763,5826.401152593759,5479.616545252075,5505.846409460939,4516.316738805143,4137.25091037449,3997.496545696036,6096.045567076477,5553.875477200119,5680.183503370973,5935.194261817125,6141.1177775904,5830.7460124914,4476.6269270466755,6683.4128043380815,5553.648921431335,5826.401152593759,6405.185600571814,6572.521467624097,6891.332095154896,6861.659919446731,6605.717973408385,4462.469073320462,4156.88791793682,4029.9667124030266,6392.298059429327,6488.8784152196795,6313.714697450733,6333.285572848422,3448.050309068999,294.55701583144565,337.34825617560426,0.0,377.86769464955023,1444.5160950427405,3982.0280832559706,4555.58996912919,4588.326214390949,4588.326214390949,4588.326214390949,1218.2448859755657,1078.260736480078,3390.4601934313114,5239.402018362361,5080.273355033864,4933.905056802141,5463.934462245669,3746.533089379793,3929.361562225318,4495.714366383499,4287.197042310691,4287.197042310691,4287.197042310691,4242.9243204042805,4223.846639031632,4077.4406647940295,4077.4406647940295,4588.326214390949,4588.326214390949,4588.326214390949,5383.517947544498,4547.443176165705,3646.5931600979143,4067.4412811481957,4541.255828517742,4558.741796138875,4541.255828517742,4205.681382691977,1676.4169582192376,2242.3919517015165,2395.19740970736,2340.063910606112,3601.1900609652353,3300.4962403918394,3716.50030426906,3810.100894674283,3983.713144203596,3649.9952531198974,4014.9560112562526,3867.841160545797,3878.9314144653517,3863.8645529520472,365.4212710358531,463.3884972789037,3081.7935336423266,2545.1036065329945,2655.0704872806264,802.3501500770947,596.5700486652382,3396.9220714407043,2387.689208147304,4125.594097422589,4516.062178316776,4543.13385923987,1778.1637860043688,758.7341479464843,2471.5777736324258,2922.0716946021407,2916.3175881882044,935.0449070787196,1568.1271355581382,4278.224954656915,1441.1974076199244,1349.7811265815694
71,3798.8553499571954,4366.398867923416,5529.961073404423,5251.092476799778,5186.672384222577,5476.0241100320045,5616.861818340933,6948.524628184673,5861.374678825696,6050.003191873359,6479.735465105866,6936.1961059293635,6024.234942572232,6024.234942572232,6024.234942572232,6198.752295637467,6170.487777368018,6170.487777368018,6067.637197799427,6674.876786000378,5186.672384222577,5115.150551751632,6527.393612857235,6037.232576210642,6556.299854962473,6454.114549137972,6492.623006248355,6050.003191873359,5655.487543096999,5545.816629798586,4056.9160929285367,4124.102231990152,4111.916620803136,6731.708112412138,6690.3187882179445,6690.3187882179445,5898.180639248304,5913.8385582703,5567.053950928616,5593.28381513748,4603.7541444816825,4224.68831605103,4084.933951372576,6183.482972753018,5641.31288287666,5767.620909047512,6022.631667493666,6228.555183266941,5918.1834181679405,4564.0643327232165,6770.8502100146225,5641.086327107876,5913.8385582703,6492.623006248355,6659.958873300638,6978.769500831437,6949.097325123272,6693.155379084926,4549.906478997001,4244.3253236133605,4117.404118079567,6479.735465105866,6576.315820896219,6401.152103127274,6420.722978524963,3419.0724915616624,154.86182543553497,111.13578628263119,377.8676946495502,0.0,1531.9535007192806,3820.149092341759,4393.710978214977,4426.447223476736,4426.447223476736,4426.447223476736,1143.8251831072785,1003.8410336117905,3317.691863719452,5164.982315494074,5005.853652165576,4859.485353933853,5389.514759377381,3584.6540984655817,3767.4825713111063,4466.7365488761625,4212.777339442404,4212.777339442404,4212.777339442404,4168.504617535993,4149.426936163344,4003.0209619257425,4003.0209619257425,4426.447223476736,4426.447223476736,4426.447223476736,5309.09824467621,4473.023473297417,3572.1734572296273,3993.0215782799087,4379.376837603531,4396.862805224664,4379.376837603531,4043.802391777766,1763.8543638957776,2329.8293573780566,2448.8187630492785,1997.9936965400514,3528.421731253376,3227.72791067998,3643.731974557201,3648.2219037600717,3821.8341532893846,3488.116262205686,3853.077020342041,3705.9621696315853,3717.0524235511402,3701.9855620378357,615.760434923317,713.7276611663675,2734.071325652127,2502.7716366277728,2422.0019469039703,773.3723325697582,633.5355998490506,3450.543424782623,2475.126613823844,3963.7151065083763,4354.183187402563,4381.254868325656,1865.6011916809089,1009.0733118339482,2442.599956125089,2745.1556467382907,2739.4015403243543,862.2765773668604,1539.1493180508019,4203.805251788627,1366.7777047516372,1277.0127968697102
72,2412.879046575109,2980.422564541327,4143.98477002234,3865.1161734176944,3800.6960808404924,4090.0478066499195,4230.885514958848,5562.548324802588,4475.398375443613,4664.026888491272,5093.75916172378,5550.219802547278,4638.258639190145,4638.258639190145,4638.258639190145,4812.77599225538,4784.511473985931,4784.511473985931,4681.6608944173395,5288.900482618293,3800.6960808404924,3729.1742483695466,5141.417309475148,4651.256272828555,5170.323551580385,5068.138245755885,5106.646702866267,4664.026888491272,4269.511239714913,4159.840326416503,2670.93978954645,2738.1259286080667,2725.9403174210497,5345.731809030052,5304.342484835857,5304.342484835857,4512.2043358662195,4527.862254888215,4181.077647546529,4207.307511755393,3217.7778410995975,2838.7120126689424,2698.957647990489,4797.506669370931,4255.336579494574,4381.644605665429,4636.65536411158,4842.578879884854,4532.207114785857,3178.088029341131,5384.873906632539,4255.1100237257915,4527.862254888215,5106.646702866267,5273.98256991855,5592.7931974493495,5563.121021741184,5307.179075702841,3163.9301756149175,2858.3490202312732,2731.42781469748,5093.75916172378,5190.339517514133,5015.175799745187,5034.746675142876,2898.221172886501,1584.0602846609509,1627.7863238138546,1444.5160950427407,1531.9535007192806,0.0,5303.895964972886,5877.457850846105,5910.194096107864,5910.194096107864,5910.194096107864,2540.112767692481,2400.1286181969936,4712.328075148227,6561.269900079276,6402.141236750776,6255.772938519053,6785.802343962582,5068.400971096709,5251.229443942233,3945.885230201001,5609.064924027607,5609.064924027607,5609.064924027607,5564.792202121196,5545.714520748548,5399.3085465109425,5399.3085465109425,5910.194096107864,5910.194096107864,5910.194096107864,6705.385829261411,5869.311057882617,4968.4610418148295,5389.309162865108,5863.123710234658,5880.60967785579,5863.123710234658,5527.549264408894,379.3540912986258,943.8530539959692,1392.2311502806274,3226.8887637608045,4923.057942682149,4622.364122108754,5038.3681859859735,5131.968776391197,5305.581025920511,4971.863134836812,5336.823892973168,5189.7090422627125,5200.799296182267,5185.732434668961,1283.1078033298556,1395.7309867779966,2810.690335119523,1995.274470350498,2105.2413510981296,789.4564056896002,955.7843641853041,2170.1297055219725,1089.1503104417563,5447.461979139503,5837.930060033692,5865.001740956785,623.0993135917315,1987.392207684575,1921.7486374499288,4094.212310439612,4088.4582040256755,2256.9127887956347,1018.2979993756411,5600.092836373831,2763.06528933684,2671.649008298484
73,7570.797814210805,8138.341332177022,9301.903537658032,9023.034941053387,8958.614848476187,9247.966574285618,9388.804282594541,10720.467092438284,9633.317143079305,9821.945656126973,10251.677929359475,10708.138570182975,9796.177406825846,9796.177406825846,9796.177406825846,9970.694759891081,9942.430241621632,9942.430241621632,9839.57966205304,10446.819250253988,8958.614848476187,8887.093016005241,10299.336077110844,9809.175040464253,10328.242319216084,10226.057013391586,10264.565470501968,9821.945656126973,9427.430007350604,9317.759094052199,7828.858557182146,7896.044696243761,7883.859085056744,10503.65057666575,10462.261252471551,10462.261252471551,9670.123103501912,9685.781022523908,9338.996415182228,9365.22627939109,8375.696608735292,7996.630780304637,7856.8764156261805,9955.425437006626,9413.25534713027,9539.563373301124,9794.574131747273,10000.497647520555,9690.125882421551,8336.006796976826,10542.792674268232,9413.028791361485,9685.781022523908,10264.565470501968,10431.901337554253,10750.711965085049,10721.039789376884,10465.09784333853,8321.84894325061,8016.267787866967,7889.346582333173,10251.677929359475,10348.258285149832,10173.094567380887,10192.665442778576,6993.807550184278,3838.4548849168527,3794.728845763949,3982.028083255971,3820.149092341759,5303.895964972885,0.0,2199.7373870322276,2232.473632293987,2232.473632293987,2232.473632293987,3279.014350765667,3053.888048008723,3553.579377286789,3364.0182981824323,3231.14182802791,3172.8435982497613,3636.866687525465,358.33990225729235,52.66652103065261,8041.471607498778,2994.50210708265,2994.50210708265,2994.50210708265,2950.2293851762392,3036.06580097664,2553.833586769248,2553.833586769248,2232.473632293987,2232.473632293987,2232.473632293987,3609.6489293070003,3724.1134374030376,2982.110819182137,2240.614663089623,2185.403246420781,2202.889214041913,2185.403246420781,1849.8288005950153,5535.796828149383,6101.7718216316625,6247.277912102387,2681.3705193783794,3908.962948636101,3608.269128062705,4024.2731919399257,348.40362362594556,539.6513655499923,486.3712798775279,292.4018609652998,114.18692271017326,103.09666879061845,419.80277429844284,4224.801140965999,4322.768367209049,4513.247366176741,4281.947677152385,4201.177987428582,4571.831481622863,4453.68469219081,7249.002573835733,6247.069078077449,1231.1226504037008,851.6902344122288,878.7619153353221,5637.543655934514,4618.114017876629,6017.335014747707,1792.8618101252075,1787.1077037112711,4235.136191213132,4793.153732975559,3090.4441166019224,3336.7551499351325,4198.201434329651
74,8144.359700084023,8711.903218050242,9875.465423531252,9596.596826926607,9532.176734349407,9821.528460158837,9962.36616846776,11294.028978311504,10206.879028952524,10395.507542000192,10825.239815232695,11281.700456056195,10369.739292699065,10369.739292699065,10369.739292699065,10544.2566457643,10515.992127494852,10515.992127494852,10413.14154792626,11020.381136127207,9532.176734349407,9460.65490187846,10872.897962984063,10382.736926337473,10901.804205089304,10799.618899264806,10838.127356375187,10395.507542000192,10000.991893223823,9891.320979925415,8402.420443055364,8469.606582116983,8457.420970929967,11077.21246253897,11035.823138344771,11035.823138344771,10243.684989375131,10259.342908397128,9912.558301055447,9938.78816526431,8949.258494608514,8570.192666177854,8430.438301499402,10528.987322879846,9986.81723300349,10113.12525917434,10368.136017620493,10574.059533393774,10263.68776829477,8909.568682850046,11116.354560141452,9986.590677234704,10259.342908397128,10838.127356375187,11005.463223427472,11324.273850958269,11294.601675250104,11038.65972921175,8895.41082912383,8589.829673740187,8462.908468206391,10825.239815232695,10921.820171023051,10746.656453254107,10766.227328651796,7570.6956439896785,4412.016770790071,4368.2907316371675,4555.589969129189,4393.710978214978,5877.457850846104,2199.7373870322285,0.0,112.42364032525543,112.42364032525543,112.42364032525543,3771.800118145865,3627.449933881943,2436.6481755238947,1291.9649928077504,1162.2695989095923,1100.7902928750784,1567.994458407148,1964.2423931560497,2147.0708660015757,8618.35970130418,922.4488017079663,922.4488017079663,922.4488017079663,878.1760798015554,964.0124956019569,1139.4592882357163,1139.4592882357163,112.42364032525543,112.42364032525543,112.42364032525543,1538.2274330204084,1684.0647165272915,1537.0377218219774,826.2403645560908,961.8563698308794,979.3423374520114,961.8563698308794,356.8799251023654,6109.358714022602,6675.333707504881,6820.839797975605,3263.2684237349044,2959.8675444983887,2627.3265348815185,3075.1777878022135,2027.81019845054,2201.4224479798527,1867.7045568961546,2357.5500775485375,2085.5504643220547,2096.6407182416096,2081.573856728304,4798.363026839217,4896.330253082267,5090.135459982141,4858.835770957786,4778.066081233983,5145.393367496081,5027.24657806403,7822.56445970895,6820.630963950668,1159.3903451960439,2881.15940058472,2908.231081507813,6211.105541807733,5191.675903749847,6594.2231085531075,2374.7597144817328,2369.0056080677964,4261.642945772307,5370.04182678096,1018.3908112272395,3829.5409173153303,4366.339418196513
75,8177.095945345783,8744.639463312,9908.20166879301,9629.333072188365,9564.912979611165,9854.264705420595,9995.102413729519,11326.765223573262,10239.615274214282,10428.24378726195,10857.976060494453,11314.436701317953,10402.475537960823,10402.475537960823,10402.475537960823,10576.992891026059,10548.72837275661,10548.72837275661,10445.877793188018,11053.117381388965,9564.912979611165,9493.391147140219,10905.634208245821,10415.473171599231,10934.540450351062,10832.355144526564,10870.863601636946,10428.24378726195,10033.728138485581,9924.057225187173,8435.156688317122,8502.342827378743,8490.157216191727,11109.948707800728,11068.559383606529,11068.559383606529,10276.42123463689,10292.079153658886,9945.294546317205,9971.524410526068,8981.994739870272,8602.92891143961,8463.17454676116,10561.723568141604,10019.553478265248,10145.861504436098,10400.87226288225,10606.79577865553,10296.424013556529,8942.304928111804,11149.09080540321,10019.326922496462,10292.079153658886,10870.863601636946,11038.19946868923,11357.010096220027,11327.337920511862,11071.395974473508,8928.147074385588,8622.565919001945,8495.64471346815,10857.976060494453,10954.556416284808,10779.392698515865,10798.963573913554,7603.4318892514375,4444.753016051831,4401.026976898927,4588.326214390948,4426.447223476738,5910.194096107863,2232.4736322939884,112.42364032525543,0.0,0.0,0.0,3804.536363407625,3660.1861791437027,2469.3844207856546,1324.7012380695103,1195.0058441713522,1133.5265381368383,1600.7307036689078,1996.9786384178096,2179.8071112633356,8651.095946565936,955.1850469697259,955.1850469697259,955.1850469697259,910.912325063315,996.7487408637165,1172.1955334974762,1172.1955334974762,0.0,0.0,0.0,1570.9636782821683,1716.8009617890514,1569.773967083737,858.9766098178507,994.5926150926393,1012.0785827137713,994.5926150926393,389.6161703641252,6142.094959284361,6708.06995276664,6853.5760432373645,3296.004668996664,2992.603789760148,2660.0627801432784,3107.914033063973,2060.5464437122996,2234.1586932416126,1900.4408021579145,2390.286322810297,2118.2867095838146,2129.3769635033696,2114.3101019900637,4831.099272100976,4929.066498344026,5122.8717052439,4891.572016219545,4810.802326495742,5178.129612757841,5059.9828233257895,7855.30070497071,6853.367209212427,1192.1265904578036,2913.895645846479,2940.967326769572,6243.841787069492,5224.412149011607,6626.9593538148665,2407.495959743492,2401.741853329556,4294.379191034067,5402.778072042719,1051.1270564889992,3862.27716257709,4399.075663458272
76,8177.095945345783,8744.639463312,9908.20166879301,9629.333072188365,9564.912979611165,9854.264705420595,9995.102413729519,11326.765223573262,10239.615274214282,10428.24378726195,10857.976060494453,11314.436701317953,10402.475537960823,10402.475537960823,10402.475537960823,10576.992891026059,10548.72837275661,10548.72837275661,10445.877793188018,11053.117381388965,9564.912979611165,9493.391147140219,10905.634208245821,10415.473171599231,10934.540450351062,10832.355144526564,10870.863601636946,10428.24378726195,10033.728138485581,9924.057225187173,8435.156688317122,8502.342827378743,8490.157216191727,11109.948707800728,11068.559383606529,11068.559383606529,10276.42123463689,10292.079153658886,9945.294546317205,9971.524410526068,8981.994739870272,8602.92891143961,8463.17454676116,10561.723568141604,10019.553478265248,10145.861504436098,10400.87226288225,10606.79577865553,10296.424013556529,8942.304928111804,11149.09080540321,10019.326922496462,10292.079153658886,10870.863601636946,11038.19946868923,11357.010096220027,11327.337920511862,11071.395974473508,8928.147074385588,8622.565919001945,8495.64471346815,10857.976060494453,10954.556416284808,10779.392698515865,10798.963573913554,7603.4318892514375,4444.753016051831,4401.026976898927,4588.326214390948,4426.447223476738,5910.194096107863,2232.4736322939884,112.42364032525543,0.0,0.0,0.0,3804.536363407625,3660.1861791437027,2469.3844207856546,1324.7012380695103,1195.0058441713522,1133.5265381368383,1600.7307036689078,1996.9786384178096,2179.8071112633356,8651.095946565936,955.1850469697259,955.1850469697259,955.1850469697259,910.912325063315,996.7487408637165,1172.1955334974762,1172.1955334974762,0.0,0.0,0.0,1570.9636782821683,1716.8009617890514,1569.773967083737,858.9766098178507,994.5926150926393,1012.0785827137713,994.5926150926393,389.6161703641252,6142.094959284361,6708.06995276664,6853.5760432373645,3296.004668996664,2992.603789760148,2660.0627801432784,3107.914033063973,2060.5464437122996,2234.1586932416126,1900.4408021579145,2390.286322810297,2118.2867095838146,2129.3769635033696,2114.3101019900637,4831.099272100976,4929.066498344026,5122.8717052439,4891.572016219545,4810.802326495742,5178.129612757841,5059.9828233257895,7855.30070497071,6853.367209212427,1192.1265904578036,2913.895645846479,2940.967326769572,6243.841787069492,5224.412149011607,6626.9593538148665,2407.495959743492,2401.741853329556,4294.379191034067,5402.778072042719,1051.1270564889992,3862.27716257709,4399.075663458272
77,8177.095945345783,8744.639463312,9908.20166879301,9629.333072188365,9564.912979611165,9854.264705420595,9995.102413729519,11326.765223573262,10239.615274214282,10428.24378726195,10857.976060494453,11314.436701317953,10402.475537960823,10402.475537960823,10402.475537960823,10576.992891026059,10548.72837275661,10548.72837275661,10445.877793188018,11053.117381388965,9564.912979611165,9493.391147140219,10905.634208245821,10415.473171599231,10934.540450351062,10832.355144526564,10870.863601636946,10428.24378726195,10033.728138485581,9924.057225187173,8435.156688317122,8502.342827378743,8490.157216191727,11109.948707800728,11068.559383606529,11068.559383606529,10276.42123463689,10292.079153658886,9945.294546317205,9971.524410526068,8981.994739870272,8602.92891143961,8463.17454676116,10561.723568141604,10019.553478265248,10145.861504436098,10400.87226288225,10606.79577865553,10296.424013556529,8942.304928111804,11149.09080540321,10019.326922496462,10292.079153658886,10870.863601636946,11038.19946868923,11357.010096220027,11327.337920511862,11071.395974473508,8928.147074385588,8622.565919001945,8495.64471346815,10857.976060494453,10954.556416284808,10779.392698515865,10798.963573913554,7603.4318892514375,4444.753016051831,4401.026976898927,4588.326214390948,4426.447223476738,5910.194096107863,2232.4736322939884,112.42364032525543,0.0,0.0,0.0,3804.536363407625,3660.1861791437027,2469.3844207856546,1324.7012380695103,1195.0058441713522,1133.5265381368383,1600.7307036689078,1996.9786384178096,2179.8071112633356,8651.095946565936,955.1850469697259,955.1850469697259,955.1850469697259,910.912325063315,996.7487408637165,1172.1955334974762,1172.1955334974762,0.0,0.0,0.0,1570.9636782821683,1716.8009617890514,1569.773967083737,858.9766098178507,994.5926150926393,1012.0785827137713,994.5926150926393,389.6161703641252,6142.094959284361,6708.06995276664,6853.5760432373645,3296.004668996664,2992.603789760148,2660.0627801432784,3107.914033063973,2060.5464437122996,2234.1586932416126,1900.4408021579145,2390.286322810297,2118.2867095838146,2129.3769635033696,2114.3101019900637,4831.099272100976,4929.066498344026,5122.8717052439,4891.572016219545,4810.802326495742,5178.129612757841,5059.9828233257895,7855.30070497071,6853.367209212427,1192.1265904578036,2913.895645846479,2940.967326769572,6243.841787069492,5224.412149011607,6626.9593538148665,2407.495959743492,2401.741853329556,4294.379191034067,5402.778072042719,1051.1270564889992,3862.27716257709,4399.075663458272
78,4807.014616930394,5374.558134896615,6538.1203403776235,6259.251743772978,6194.831651195777,6484.183377005204,6625.0210853141325,7956.683895157874,6869.533945798897,7058.162458846559,7487.894732079067,7944.355372902564,7032.394209545432,7032.394209545432,7032.394209545432,7206.911562610667,7178.647044341218,7178.647044341218,7075.796464772627,7683.036052973579,6194.831651195777,6123.3098187248315,7535.552879830435,7045.391843183842,7564.459121935673,7462.273816111172,7500.7822732215545,7058.162458846559,6663.6468100701995,6553.975896771788,5065.075359901739,5132.261498963351,5120.075887776335,7739.867379385338,7698.478055191144,7698.478055191144,6906.339906221504,6921.9978252435,6575.213217901816,6601.44308211068,5611.913411454883,5232.84758302423,5093.0932183457735,7191.642239726218,6649.47214984986,6775.780176020714,7030.790934466866,7236.714450240141,6926.3426851411405,5572.223599696416,7779.009476987822,6649.245594081076,6921.9978252435,7500.7822732215545,7668.1181402738375,7986.928767804637,7957.256592096472,7701.314646058126,5558.0657459702015,5252.48459058656,5125.563385052766,7487.894732079067,7584.475087869419,7409.311370100474,7428.882245498163,4543.64698171874,1076.415435977551,1032.6893968246472,1218.244885975566,1143.8251831072785,2540.1127676924816,3279.014350765667,3771.8001181458644,3804.536363407624,3804.536363407624,3804.536363407624,0.0,477.1733473095718,3219.290819312968,4419.7943133445515,4260.665650016055,4114.297351784332,4644.326757227861,3043.51935688949,3226.3478297350143,5591.3110390332395,3467.589337292886,3467.589337292886,3467.589337292886,3423.316615386475,3404.238934013826,3257.8329597762245,3257.8329597762245,3804.536363407624,3804.536363407624,3804.536363407624,4563.91024252669,3727.835471147897,2826.985455080109,3247.8335761303906,3757.465977534418,3774.95194515555,3757.465977534418,3421.8915317086526,2772.0136308689775,3337.9886243512556,3490.794082357103,1803.0717225078606,3574.6743906622796,3273.9805700888837,3689.9846339661044,3107.08716218398,3280.699411713293,2946.9815206295943,3311.9422787659496,3164.8274280554933,3175.9176819750483,3160.850820461744,1461.0179436855933,1558.985169928644,2814.3946366201594,2583.0949475958055,2502.325257872003,1897.9468227268342,1692.166721314978,4492.518744090448,3483.285880797043,3342.220544604505,3813.048445826471,3840.120126749564,2873.7604586541083,1854.3308205962246,3567.1744462821666,2254.888778022075,2249.1346716081384,1477.7995417942795,2663.723808207878,3458.6172496391086,370.81484767788436,1434.4182370492463
79,4667.030467434907,5234.573985401126,6398.1361908821345,6119.2675942774895,6054.847501700288,6344.1992275097155,6485.0369358186435,7816.699745662385,6729.549796303408,6918.17830935107,7347.910582583578,7804.371223407075,6892.410060049943,6892.410060049943,6892.410060049943,7066.927413115178,7038.662894845729,7038.662894845729,6935.812315277138,7543.05190347809,6054.847501700288,5983.325669229343,7395.568730334946,6905.407693688353,7424.474972440184,7322.289666615683,7360.798123726066,6918.17830935107,6523.662660574711,6413.991747276299,4925.09121040625,4992.277349467863,4980.091738280847,7599.883229889849,7558.4939056956555,7558.4939056956555,6766.355756726015,6782.013675748011,6435.229068406327,6461.458932615191,5471.929261959394,5092.863433528741,4953.1090688502845,7051.658090230729,6509.488000354371,6635.796026525225,6890.806784971377,7096.730300744652,6786.3585356456515,5432.239450200927,7639.025327492333,6509.261444585587,6782.013675748011,7360.798123726066,7528.133990778349,7846.944618309148,7817.272442600983,7561.330496562637,5418.081596474713,5112.5004410910715,4985.579235557277,7347.910582583578,7444.4909383739305,7269.327220604985,7288.898096002674,4403.662832223253,936.4312864820631,892.7052473291593,1078.260736480078,1003.8410336117904,2400.1286181969936,3053.8880480087223,3627.449933881941,3660.1861791437004,3660.1861791437004,3660.1861791437004,477.17334730957185,0.0,3077.7823615459047,4278.285855577489,4119.157192248993,3972.7888940172697,4502.818299460798,2818.3930541325453,3001.2215269780695,5451.326889537752,3326.0808795258235,3326.0808795258235,3326.0808795258235,3281.8081576194127,3262.730476246764,3116.324502009162,3116.324502009162,3660.1861791437004,3660.1861791437004,3660.1861791437004,4422.401784759627,3586.3270133808346,2685.476997313047,3106.3251183633283,3613.1157932704946,3630.601760891627,3613.1157932704946,3277.541347444729,2632.0294813734895,3198.0044748557675,3350.809932861615,1423.371695509536,3433.1659328952164,3132.4721123218205,3548.476176199041,2881.9608594270353,3055.5731089563483,2721.8552178726495,3086.8159760090048,2939.7011252985485,2950.7913792181034,2935.7245177047994,1321.0337941901055,1419.001020433156,2434.6946096218358,2203.394920597481,2122.6252308736784,1757.9626732313466,1552.1825718194905,4352.534594594959,3343.301731301555,3197.4540621753395,3587.922143069526,3614.993823992619,2733.7763091586203,1714.3466711007368,3427.1902967866795,2004.6864975496408,1998.9323911357044,1337.815392298792,2523.7396587123903,3317.1087918720464,534.9141464790374,1294.4340875537582
80,6979.229924386144,7546.773442352363,8710.335647833372,8431.467051228727,8367.046958651526,8656.398684460957,8797.23639276988,10128.899202613624,9041.749253254644,9230.377766302312,9660.110039534815,10116.570680358314,9204.609517001185,9204.609517001185,9204.609517001185,9379.12687006642,9350.862351796972,9350.862351796972,9248.01177222838,9855.251360429327,8367.046958651526,8295.52512618058,9707.768187286183,9217.607150639593,9736.674429391423,9634.489123566926,9672.997580677307,9230.377766302312,8835.862117525943,8726.191204227534,7237.290667357487,7304.476806419101,7292.291195232085,9912.08268684109,9870.69336264689,9870.69336264689,9078.555213677251,9094.213132699248,8747.428525357567,8773.65838956643,7784.1287189106315,7405.062890479978,7265.308525801522,9363.857547181966,8821.68745730561,8947.99548347646,9203.006241922612,9408.929757695892,9098.557992596889,7744.438907152165,9951.22478444357,8821.460901536824,9094.213132699248,9672.997580677307,9840.333447729592,10159.144075260388,10129.471899552223,9873.52995351387,7730.28105342595,7424.699898042309,7297.778692508514,9660.110039534815,9756.69039532517,9581.526677556227,9601.097552953916,6715.862289174484,3250.282116589725,3206.556077436821,3390.460193431311,3317.691863719452,4712.328075148225,3553.5793772867887,2436.6481755238938,2469.384420785653,2469.384420785653,2469.384420785653,3219.290819312966,3077.7823615459047,0.0,2884.7218378464668,2725.593174517969,2579.224876286246,3109.2542817297735,3318.0843834106113,3500.912856256136,7763.526346488984,1932.5168617948,1932.5168617948,1932.5168617948,1888.244139888389,1869.1664585157412,1722.7604842781388,1722.7604842781388,2469.384420785653,2469.384420785653,2469.384420785653,3028.837767028604,2192.762995649811,1291.9129795820238,1712.7611006323043,2742.2457187465725,2759.7316863677047,2742.2457187465725,2273.128313675449,4944.2289383247235,5510.203931807003,5663.009389812849,2936.119180485275,846.9984399612605,424.1435260069298,962.3086832650853,3381.6521887051013,3555.2644382344142,3221.5465471507155,3608.822091761695,3439.392454576615,3450.48270849617,3435.4158469828653,3633.2332511413383,3731.2004773843887,4731.534341815165,4500.23465279081,4419.464963067007,4070.16213018258,3864.382028770723,6664.734051546195,5655.50118825279,2693.101509308596,4109.928258822217,4136.99993974531,5045.975766109855,4026.546128051969,5739.389753737913,2848.5743481556833,2842.820241741747,2715.2854519626817,4835.939115663622,1923.544774141024,3277.0316184824314,2819.981924386887
81,8828.171749317193,9395.715267283413,10559.277472764417,10280.408876159772,10215.988783582572,10505.340509392003,10646.178217700926,11977.84102754467,10890.69107818569,11079.319591233358,11509.05186446586,11965.51250528936,11053.55134193223,11053.55134193223,11053.55134193223,11228.068694997466,11199.804176728017,11199.804176728017,11096.953597159425,11704.193185360373,10215.988783582572,10144.466951111626,11556.710012217229,11066.548975570639,11585.61625432247,11483.430948497971,11521.939405608353,11079.319591233358,10684.803942456989,10575.13302915858,9086.23249228853,9153.418631350149,9141.233020163132,11761.024511772135,11719.635187577936,11719.635187577936,10927.497038608297,10943.154957630293,10596.370350288613,10622.600214497475,9633.070543841679,9254.004715411023,9114.25035073257,11212.799372113011,10670.629282236656,10796.937308407505,11051.948066853658,11257.87158262694,10947.499817527936,9593.380732083211,11800.166609374617,10670.40272646787,10943.154957630293,11521.939405608353,11689.275272660638,12008.085900191434,11978.41372448327,11722.471778444915,9579.222878356995,9273.641722973352,9146.720517439557,11509.05186446586,11605.632220256217,11430.468502487272,11450.039377884961,8412.598019854291,5097.572568364343,5053.84652921144,5239.402018362357,5164.9823154940705,6561.269900079272,3364.018298182435,1291.9649928077508,1324.7012380695107,1324.7012380695107,1324.7012380695107,4419.794313344553,4278.285855577493,2884.721837846469,0.0,763.7102097058724,701.879464838483,1169.4350692034284,3128.523304306258,3311.3517771517822,9460.262077168787,1370.52246403054,1370.52246403054,1370.52246403054,1326.2497421241292,1412.0861579245307,2184.6727228976474,2184.6727228976474,1324.7012380695107,1324.7012380695107,1324.7012380695107,1139.3166049838126,1285.153888490696,1985.1113841445508,1990.5212757062973,2124.9469742488413,2142.432941869973,2124.9469742488413,1519.970529520327,6793.17076325577,7359.145756738049,7511.951214743895,4136.622674516862,3407.9412068209613,3075.400197204093,3523.251450124786,3192.091109600748,3365.703359130061,3031.9854680463623,3521.830988698743,3249.8313754722612,3260.921629391816,3245.854767878512,5482.175076072385,5580.142302315435,5932.037835846752,5700.7381468223975,5619.968457098595,5919.103955113627,5713.323853701772,8513.675876477242,7504.443013183836,2323.6712563462506,4045.4403117349284,4072.5119926580214,6894.917591040901,5875.487952983016,7436.125484417719,3539.0406256319393,3533.286519218003,4709.71660809488,6211.944202645572,1466.4644735498134,4477.5351125140205,4814.413080519088
82,8669.043085988695,9236.586603954915,10400.148809435921,10121.280212831276,10056.860120254076,10346.211846063507,10487.04955437243,11818.712364216173,10731.562414857193,10920.190927904861,11349.923201137364,11806.383841960864,10894.422678603734,10894.422678603734,10894.422678603734,11068.94003166897,11040.675513399521,11040.675513399521,10937.824933830929,11545.064522031877,10056.860120254076,9985.33828778313,11397.581348888732,10907.420312242142,11426.487590993973,11324.302285169475,11362.810742279857,10920.190927904861,10525.675279128493,10416.004365830084,8927.103828960033,8994.289968021654,8982.104356834638,11601.895848443639,11560.50652424944,11560.50652424944,10768.3683752798,10784.026294301797,10437.241686960117,10463.47155116898,9473.941880513183,9094.876052082527,8955.121687404073,11053.670708784515,10511.50061890816,10637.808645079009,10892.819403525162,11098.742919298442,10788.37115419944,9434.252068754715,11641.03794604612,10511.274063139374,10784.026294301797,11362.810742279857,11530.146609332141,11848.957236862938,11819.285061154773,11563.343115116419,9420.0942150285,9114.513059644856,8987.591854111062,11349.923201137364,11446.503556927719,11271.339839158776,11290.910714556465,8253.469356525791,4938.443905035846,4894.7178658829425,5080.27335503386,5005.853652165573,6402.141236750775,3231.141828027908,1162.2695989095928,1195.0058441713527,1195.0058441713527,1195.0058441713527,4260.665650016056,4119.157192248994,2725.5931745179705,763.7102097058722,0.0,146.3682982317232,405.7248594975557,2995.646834151731,3178.4753069972553,9301.133413840287,1241.1785089652574,1241.1785089652574,1241.1785089652574,1196.9057870588465,1282.742202859248,2026.3283368274087,2026.3283368274087,1195.0058441713527,1195.0058441713527,1195.0058441713527,507.9191399503715,729.6427218839361,1826.766998074312,1860.8258818081392,1986.2894721614068,2003.7754397825386,1986.2894721614068,1381.3130274328928,6634.042099927273,7200.017093409552,7352.822551415398,3977.4940111883648,3248.812543492463,2916.2715338755943,3364.122786796288,3059.214639446221,3232.826888975534,2899.1089978918353,3388.954518544216,3116.9549053177343,3128.045159237289,3112.978297723985,5323.046412743888,5421.013638986938,5772.909172518253,5541.609483493899,5460.839793770096,5759.97529178513,5554.195190373275,8354.547213148742,7345.314349855339,2190.794786191724,3912.5638415804015,3939.6355225034945,6735.788927712404,5716.359289654518,7276.99682108922,3406.1641554774124,3400.410049063476,4550.587944766381,6052.815539317073,1337.1205184845307,4318.406449185523,4655.284417190589
83,8522.67478775697,9090.218305723192,10253.780511204197,9974.911914599552,9910.491822022352,10199.843547831782,10340.681256140706,11672.34406598445,10585.19411662547,10773.822629673137,11203.55490290564,11660.01554372914,10748.05438037201,10748.05438037201,10748.05438037201,10922.571733437246,10894.307215167797,10894.307215167797,10791.456635599205,11398.696223800152,9910.491822022352,9838.969989551406,11251.213050657008,10761.052014010418,11280.119292762249,11177.93398693775,11216.442444048133,10773.822629673137,10379.306980896768,10269.63606759836,8780.735530728309,8847.92166978993,8835.736058602914,11455.527550211915,11414.138226017716,11414.138226017716,10622.000077048076,10637.657996070073,10290.873388728392,10317.103252937255,9327.573582281459,8948.507753850803,8808.753389172349,10907.302410552791,10365.132320676435,10491.440346847285,10746.451105293438,10952.37462106672,10642.002855967716,9287.88377052299,11494.669647814397,10364.90576490765,10637.657996070073,11216.442444048133,11383.778311100417,11702.588938631214,11672.916762923049,11416.974816884695,9273.725916796775,8968.144761413132,8841.223555879336,11203.55490290564,11300.135258695997,11124.971540927052,11144.54241632474,8107.101058294068,4792.075606804122,4748.349567651218,4933.905056802136,4859.485353933849,6255.7729385190505,3172.8435982497635,1100.7902928750786,1133.5265381368386,1133.5265381368386,1133.5265381368386,4114.297351784332,3972.788894017271,2579.2248762862473,701.879464838483,146.3682982317232,0.0,552.093157729279,2937.348604373586,3120.1770772191107,9154.765115608563,1179.3477640978683,1179.3477640978683,1179.3477640978683,1135.0750421914574,1220.9114579918592,1879.9600385956855,1879.9600385956855,1133.5265381368386,1133.5265381368386,1133.5265381368386,517.6500212350793,583.2744236522128,1680.3986998425887,1799.346575773625,1931.4609341505604,1948.9469017716922,1931.4609341505604,1326.4844894220462,6487.673801695549,7053.648795177828,7206.454253183674,3831.125712956641,3102.44424526074,2769.903235643871,3217.754488564565,3000.916409668076,3174.528659197389,2840.8107681136903,3330.6562887660707,3058.6566755395897,3069.7469294591447,3054.68006794584,5176.678114512164,5274.6453407552135,5626.54087428653,5395.241185262175,5314.471495538372,5613.606993553406,5407.826892141551,8208.17891491702,7198.946051623615,2132.4965564135787,3854.265611802256,3881.337292725349,6589.42062948068,5569.990991422794,7130.628522857497,3347.865925699268,3342.1118192853314,4404.219646534659,5906.44724108535,1275.289773617142,4172.038150953798,4508.916118958866
84,9052.704193200498,9620.247711166721,10783.809916647726,10504.94132004308,10440.52122746588,10729.872953275311,10870.710661584235,12202.373471427978,11115.223522068998,11303.852035116666,11733.584308349169,12190.044949172669,11278.08378581554,11278.08378581554,11278.08378581554,11452.601138880775,11424.336620611326,11424.336620611326,11321.486041042734,11928.725629243681,10440.52122746588,10368.999394994935,11781.242456100537,11291.081419453947,11810.148698205778,11707.96339238128,11746.471849491661,11303.852035116666,10909.336386340297,10799.665473041889,9310.764936171838,9377.951075233454,9365.765464046437,11985.556955655444,11944.167631461245,11944.167631461245,11152.029482491605,11167.687401513602,10820.902794171921,10847.132658380784,9857.602987724988,9478.537159294332,9338.782794615878,11437.33181599632,10895.161726119964,11021.469752290814,11276.480510736967,11482.404026510249,11172.032261411245,9817.91317596652,12024.699053257926,10894.935170351178,11167.687401513602,11746.471849491661,11913.807716543946,12232.618344074743,12202.946168366578,11947.004222328223,9803.755322240304,9498.174166856661,9371.252961322865,11733.584308349169,11830.164664139525,11655.000946370581,11674.57182176827,8637.130463737596,5322.10501224765,5278.3789730947465,5463.934462245664,5389.514759377377,6785.802343962579,3636.8666875254644,1567.994458407149,1600.730703668909,1600.730703668909,1600.730703668909,4644.326757227859,4502.8182994608,3109.254281729775,1169.4350692034282,405.7248594975559,552.093157729279,0.0,3401.371693649287,3584.2001664948116,9684.794521052094,1646.903368462813,1646.903368462813,1646.903368462813,1602.630646556402,1688.4670623568036,2409.9894440392145,2409.9894440392145,1600.730703668909,1600.730703668909,1600.730703668909,355.9209722128697,1113.3038290957409,2210.4281052861174,2266.5507413056953,2392.014331658963,2409.500299280095,2392.014331658963,1787.0378869304488,7017.703207139077,7583.678200621356,7736.483658627202,4361.155118400169,3632.473650704267,3299.9326410873987,3747.783894008092,3464.939498943777,3638.55174847309,3304.833857389391,3794.6793780417715,3522.6797648152906,3533.7700187348455,3518.703157221541,5706.707519955692,5804.674746198742,6156.570279730058,5925.270590705703,5844.5009009819005,6143.636398996934,5937.856297585079,8738.208320360549,7728.975457067143,2596.519645689279,4318.288701077957,4345.36038200105,7119.450034924208,6100.020396866323,7660.657928301025,3811.8890149749677,3806.1349085610314,4934.249051978187,6436.476646528878,1742.8453779820863,4702.067556397326,5038.945524402395
85,7335.302820334627,7902.846338300846,9066.408543781854,8787.539947177209,8723.119854600009,9012.47158040944,9153.309288718363,10484.972098562106,9397.822149203126,9586.450662250794,10016.182935483297,10472.643576306797,9560.682412949667,9560.682412949667,9560.682412949667,9735.199766014903,9706.935247745454,9706.935247745454,9604.084668176862,10211.32425637781,8723.119854600009,8651.598022129063,10063.841083234665,9573.680046588075,10092.747325339906,9990.562019515408,10029.07047662579,9586.450662250794,9191.935013474425,9082.264100176022,7593.363563305969,7660.549702367583,7648.364091180567,10268.155582789572,10226.766258595373,10226.766258595373,9434.628109625733,9450.28602864773,9103.50142130605,9129.731285514912,8140.201614859114,7761.13578642846,7621.381421750004,9719.930443130448,9177.760353254092,9304.068379424947,9559.079137871095,9765.002653644377,9454.630888545373,8100.511803100647,10307.297680392054,9177.533797485306,9450.28602864773,10029.07047662579,10196.406343678074,10515.21697120887,10485.544795500706,10229.602849462352,8086.353949374432,7780.772793990791,7653.851588456996,10016.182935483297,10112.763291273654,9937.599573504709,9957.170448902398,6758.312556308101,3602.959891040675,3559.233851887771,3746.533089379793,3584.6540984655812,5068.4009710967075,358.33990225729235,1964.2423931560509,1996.9786384178108,1996.9786384178108,1996.9786384178108,3043.5193568894892,2818.393054132545,3318.084383410611,3128.5233043062563,2995.6468341517325,2937.3486043735847,3401.3716936492874,0.0,324.5102413782312,7805.976613622602,2759.007113206474,2759.007113206474,2759.007113206474,2714.734391300063,2800.5708071004638,2318.33859289307,2318.33859289307,1996.9786384178108,1996.9786384178108,1996.9786384178108,3374.153935430823,3488.6184435268597,2746.615825305959,2005.1196692134454,1949.9082525446036,1967.3942201657353,1949.9082525446036,1614.3338067188379,5300.301834273206,5866.276827755485,6011.7829182262085,2445.8755255022024,3673.4679547599226,3372.7741341865267,3788.7781980637474,113.05380523022535,304.3015471542721,180.2989052376946,430.8167407219465,262.98983969871057,274.0800936182654,184.45295590272258,3989.3061470898206,4087.273373332871,4277.7523723005625,4046.452683276208,3965.6829935524056,4336.336487746686,4218.189698314633,7013.507579959554,6011.574084201272,1000.7437206575557,990.1051141688755,1017.1767950919688,5402.048662058337,4382.619024000452,5781.84002087153,1557.3668162490296,1551.6127098350933,3999.6411973369536,4557.658739099383,2854.9491227257463,3101.2601560589546,3962.706440453473
86,7518.131293180152,8085.674811146369,9249.237016627378,8970.368420022733,8905.948327445534,9195.300053254965,9336.137761563888,10667.80057140763,9580.65062204865,9769.27913509632,10199.01140832882,10655.47204915232,9743.510885795193,9743.510885795193,9743.510885795193,9918.028238860428,9889.76372059098,9889.76372059098,9786.913141022387,10394.152729223333,8905.948327445534,8834.426494974588,10246.66955608019,9756.5085194336,10275.575798185431,10173.390492360933,10211.898949471315,9769.27913509632,9374.76348631995,9265.092573021546,7776.192036151493,7843.378175213108,7831.1925640260915,10450.984055635097,10409.594731440899,10409.594731440899,9617.456582471259,9633.114501493255,9286.329894151575,9312.559758360438,8323.03008770464,7943.964259273984,7804.209894595528,9902.758915975974,9360.588826099618,9486.89685227047,9741.90761071662,9947.831126489902,9637.459361390898,8283.340275946173,10490.12615323758,9360.362270330832,9633.114501493255,10211.898949471315,10379.2348165236,10698.045444054396,10668.373268346231,10412.431322307877,8269.182422219958,7963.601266836315,7836.68006130252,10199.01140832882,10295.591764119175,10120.428046350235,10139.998921747923,6941.141029153625,3785.7883638862,3742.062324733296,3929.3615622253183,3767.4825713111063,5251.229443942232,52.6665210306526,2147.0708660015753,2179.8071112633347,2179.8071112633347,2179.8071112633347,3226.3478297350143,3001.2215269780704,3500.9128562561364,3311.35177715178,3178.4753069972576,3120.1770772191085,3584.200166494813,324.51024137823117,0.0,7988.805086468125,2941.835586051998,2941.835586051998,2941.835586051998,2897.562864145587,2983.3992799459875,2501.1670657385957,2501.1670657385957,2179.8071112633347,2179.8071112633347,2179.8071112633347,3556.9824082763475,3671.446916372385,2929.4442981514844,2187.9481420589705,2132.736725390129,2150.22269301126,2132.736725390129,1797.1622795643627,5483.13030711873,6049.10530060101,6194.611391071734,2628.703998347727,3856.296427605448,3555.602607032052,3971.606670909273,401.07014465659825,592.3178865806451,433.7047588468753,345.06838199595245,61.52040167952065,50.43014775996584,472.46929532909553,4172.134619935347,4270.101846178396,4460.580845146088,4229.281156121732,4148.51146639793,4519.16496059221,4401.018171160157,7196.33605280508,6194.402557046797,1178.4561293730483,904.3567554428815,931.4284363659748,5584.877134903862,4565.447496845976,5964.668493717054,1740.1952890945547,1734.4411826806183,4182.469670182479,4740.487211944906,3037.77759557127,3284.0886289044797,4145.534913298999
87,4555.67021447659,5437.8880195075035,6162.337423302327,5883.468826697682,5926.408029341094,6215.759755150521,6356.5974634594495,7491.799698899756,6454.3748862810535,6719.882183979609,7023.0105358209485,7479.471176644446,6694.113934678482,6694.113934678482,6694.113934678482,6868.631287743717,6840.366769474268,6840.366769474268,6737.516189905677,7218.151856715461,5926.408029341094,5854.8861968701485,7197.272604963485,6707.111568316892,7226.1788470687225,7123.993541244222,7162.501998354604,6719.882183979609,6198.762613812081,6480.044131109662,4719.099246399919,4018.148508243593,4005.962897056576,7462.544001568067,7360.197780324194,7360.197780324194,6637.916284366821,6653.574203388817,6236.932943034866,6263.16280724373,4977.127166454618,5296.177467635118,5156.423102956662,7033.0544223526795,6490.884332476322,6722.639059002921,6872.203117093328,7078.126632866602,6657.9190632864575,5402.353342429526,7510.585855133139,6380.821972226393,6653.574203388817,7162.501998354604,7329.837865406887,7648.648492937687,7618.976317229522,7432.891024203443,5105.42900616231,5108.134267515045,5188.893269663654,7023.0105358209485,7045.914142482986,7071.031095233524,7090.601970631213,2382.7017039243556,4525.198680958981,4568.924720111884,4495.714366383501,4466.7365488761625,3945.885230201003,8041.471607498778,8618.359701304178,8651.095946565938,8651.095946565938,8651.095946565938,5591.311039033241,5451.326889537752,7763.52634648899,9460.262077168793,9301.133413840289,9154.765115608563,9684.794521052094,7805.976613622602,7988.805086468125,0.0,8508.057101117121,8508.057101117121,8508.057101117121,8463.78437921071,8444.706697838063,8298.300723600458,8298.300723600458,8651.095946565938,8651.095946565938,8651.095946565938,9604.378006350924,8768.303234972125,7867.453218904342,8288.301339954623,8604.025560692735,8621.511528313866,8604.025560692735,8268.451114866968,4179.262124162436,3918.958062102285,3697.450702885745,5890.666511360019,7974.256214022912,7673.562393449517,8089.566457326737,7869.544418917089,8043.156668446403,7709.438777362704,8074.39953549906,7927.284684788605,7938.37493870816,7923.3080771948535,4339.338987969574,4458.493345275079,5040.710210267099,4225.294345498075,4335.261226245707,3693.364216306405,3958.5109590912903,2692.681410576282,4176.133435563098,8188.363829597575,8575.505702559578,8602.57738348267,4315.6764627423245,5047.552119922012,2714.115392580897,6757.990058038827,6752.235951624891,5308.111060136393,3248.3178745232194,8499.085013463346,5814.263560677601,5722.847279639244
88,7875.966773265526,8443.510291231742,9607.072496712753,9328.203900108108,9263.783807530906,9553.135533340337,9693.97324164926,11025.636051493006,9938.486102134026,10127.114615181692,10556.846888414197,11013.307529237696,10101.346365880565,10101.346365880565,10101.346365880565,10275.8637189458,10247.599200676352,10247.599200676352,10144.74862110776,10751.988209308709,9263.783807530906,9192.26197505996,10604.505036165563,10114.343999518973,10633.411278270803,10531.225972446306,10569.734429556687,10127.114615181692,9732.598966405325,9622.928053106918,8134.027516236867,8201.213655298483,8189.0280441114655,10808.81953572047,10767.43021152627,10767.43021152627,9975.292062556631,9990.949981578628,9644.165374236947,9670.39523844581,8680.865567790015,8301.799739359358,8162.045374680902,10260.594396061346,9718.42430618499,9844.732332355843,10099.743090801992,10305.666606575272,9995.29484147627,8641.175756031545,10847.961633322951,9718.197750416204,9990.949981578628,10569.734429556687,10737.070296608972,11055.880924139768,11026.208748431603,10770.26680239325,8627.017902305332,8321.436746921687,8194.515541387895,10556.846888414197,10653.427244204553,10478.263526435607,10497.834401833295,7460.393043802623,4145.367592312677,4101.641553159773,4287.197042310691,4212.777339442404,5609.064924027606,2994.50210708265,922.4488017079658,955.1850469697256,955.1850469697256,955.1850469697256,3467.589337292886,3326.0808795258245,1932.5168617948004,1370.52246403054,1241.1785089652574,1179.347764097868,1646.903368462813,2759.0071132064727,2941.8355860519973,8508.057101117121,0.0,0.0,0.0,44.27272190641086,459.8811818728622,1232.46774684598,1232.46774684598,955.1850469697256,955.1850469697256,955.1850469697256,1616.784904243198,1496.8386446419952,1032.9064080928827,1222.4683632001454,1756.5407823708063,1774.026749991938,1756.5407823708063,1151.5643376422922,5840.965787204104,6406.940780686384,6559.74623869223,3184.4176984651945,2455.7362307692933,2123.1952211524235,2571.046474073118,2822.5749185009627,2996.1871680302756,2662.469276946577,3152.314797598959,2880.3151843724763,2891.4054382920312,2876.3385767787267,4529.97010002072,4627.937326263769,4979.832859795086,4748.53317077073,4667.763481046927,4966.898979061962,4761.118877650107,7561.470900425576,6552.238037132171,1954.1550652464662,3675.9241206351426,3702.9958015582356,5942.712614989236,4923.28297693135,6483.920508366052,2970.1139875040776,2964.3598810901412,3757.5116320432135,5259.739226593904,514.259497498145,3525.330136462351,3862.2081044674187
89,7875.966773265526,8443.510291231742,9607.072496712753,9328.203900108108,9263.783807530906,9553.135533340337,9693.97324164926,11025.636051493006,9938.486102134026,10127.114615181692,10556.846888414197,11013.307529237696,10101.346365880565,10101.346365880565,10101.346365880565,10275.8637189458,10247.599200676352,10247.599200676352,10144.74862110776,10751.988209308709,9263.783807530906,9192.26197505996,10604.505036165563,10114.343999518973,10633.411278270803,10531.225972446306,10569.734429556687,10127.114615181692,9732.598966405325,9622.928053106918,8134.027516236867,8201.213655298483,8189.0280441114655,10808.81953572047,10767.43021152627,10767.43021152627,9975.292062556631,9990.949981578628,9644.165374236947,9670.39523844581,8680.865567790015,8301.799739359358,8162.045374680902,10260.594396061346,9718.42430618499,9844.732332355843,10099.743090801992,10305.666606575272,9995.29484147627,8641.175756031545,10847.961633322951,9718.197750416204,9990.949981578628,10569.734429556687,10737.070296608972,11055.880924139768,11026.208748431603,10770.26680239325,8627.017902305332,8321.436746921687,8194.515541387895,10556.846888414197,10653.427244204553,10478.263526435607,10497.834401833295,7460.393043802623,4145.367592312677,4101.641553159773,4287.197042310691,4212.777339442404,5609.064924027606,2994.50210708265,922.4488017079658,955.1850469697256,955.1850469697256,955.1850469697256,3467.589337292886,3326.0808795258245,1932.5168617948004,1370.52246403054,1241.1785089652574,1179.347764097868,1646.903368462813,2759.0071132064727,2941.8355860519973,8508.057101117121,0.0,0.0,0.0,44.27272190641086,459.8811818728622,1232.46774684598,1232.46774684598,955.1850469697256,955.1850469697256,955.1850469697256,1616.784904243198,1496.8386446419952,1032.9064080928827,1222.4683632001454,1756.5407823708063,1774.026749991938,1756.5407823708063,1151.5643376422922,5840.965787204104,6406.940780686384,6559.74623869223,3184.4176984651945,2455.7362307692933,2123.1952211524235,2571.046474073118,2822.5749185009627,2996.1871680302756,2662.469276946577,3152.314797598959,2880.3151843724763,2891.4054382920312,2876.3385767787267,4529.97010002072,4627.937326263769,4979.832859795086,4748.53317077073,4667.763481046927,4966.898979061962,4761.118877650107,7561.470900425576,6552.238037132171,1954.1550652464662,3675.9241206351426,3702.9958015582356,5942.712614989236,4923.28297693135,6483.920508366052,2970.1139875040776,2964.3598810901412,3757.5116320432135,5259.739226593904,514.259497498145,3525.330136462351,3862.2081044674187
90,7875.966773265526,8443.510291231742,9607.072496712753,9328.203900108108,9263.783807530906,9553.135533340337,9693.97324164926,11025.636051493006,9938.486102134026,10127.114615181692,10556.846888414197,11013.307529237696,10101.346365880565,10101.346365880565,10101.346365880565,10275.8637189458,10247.599200676352,10247.599200676352,10144.74862110776,10751.988209308709,9263.783807530906,9192.26197505996,10604.505036165563,10114.343999518973,10633.411278270803,10531.225972446306,10569.734429556687,10127.114615181692,9732.598966405325,9622.928053106918,8134.027516236867,8201.213655298483,8189.0280441114655,10808.81953572047,10767.43021152627,10767.43021152627,9975.292062556631,9990.949981578628,9644.165374236947,9670.39523844581,8680.865567790015,8301.799739359358,8162.045374680902,10260.594396061346,9718.42430618499,9844.732332355843,10099.743090801992,10305.666606575272,9995.29484147627,8641.175756031545,10847.961633322951,9718.197750416204,9990.949981578628,10569.734429556687,10737.070296608972,11055.880924139768,11026.208748431603,10770.26680239325,8627.017902305332,8321.436746921687,8194.515541387895,10556.846888414197,10653.427244204553,10478.263526435607,10497.834401833295,7460.393043802623,4145.367592312677,4101.641553159773,4287.197042310691,4212.777339442404,5609.064924027606,2994.50210708265,922.4488017079658,955.1850469697256,955.1850469697256,955.1850469697256,3467.589337292886,3326.0808795258245,1932.5168617948004,1370.52246403054,1241.1785089652574,1179.347764097868,1646.903368462813,2759.0071132064727,2941.8355860519973,8508.057101117121,0.0,0.0,0.0,44.27272190641086,459.8811818728622,1232.46774684598,1232.46774684598,955.1850469697256,955.1850469697256,955.1850469697256,1616.784904243198,1496.8386446419952,1032.9064080928827,1222.4683632001454,1756.5407823708063,1774.026749991938,1756.5407823708063,1151.5643376422922,5840.965787204104,6406.940780686384,6559.74623869223,3184.4176984651945,2455.7362307692933,2123.1952211524235,2571.046474073118,2822.5749185009627,2996.1871680302756,2662.469276946577,3152.314797598959,2880.3151843724763,2891.4054382920312,2876.3385767787267,4529.97010002072,4627.937326263769,4979.832859795086,4748.53317077073,4667.763481046927,4966.898979061962,4761.118877650107,7561.470900425576,6552.238037132171,1954.1550652464662,3675.9241206351426,3702.9958015582356,5942.712614989236,4923.28297693135,6483.920508366052,2970.1139875040776,2964.3598810901412,3757.5116320432135,5259.739226593904,514.259497498145,3525.330136462351,3862.2081044674187
91,7831.694051359115,8399.237569325333,9562.799774806343,9283.931178201698,9219.511085624496,9508.862811433926,9649.70051974285,10981.363329586595,9894.213380227615,10082.841893275281,10512.574166507786,10969.034807331285,10057.073643974154,10057.073643974154,10057.073643974154,10231.59099703939,10203.32647876994,10203.32647876994,10100.475899201349,10707.715487402298,9219.511085624496,9147.98925315355,10560.232314259152,10070.071277612562,10589.138556364393,10486.953250539895,10525.461707650276,10082.841893275281,9688.326244498914,9578.655331200507,8089.754794330456,8156.940933392071,8144.755322205055,10764.546813814059,10723.15748961986,10723.15748961986,9931.01934065022,9946.677259672217,9599.892652330536,9626.122516539399,8636.592845883604,8257.527017452947,8117.772652774491,10216.321674154935,9674.15158427858,9800.459610449432,10055.470368895581,10261.393884668862,9951.02211956986,8596.903034125135,10803.68891141654,9673.925028509793,9946.677259672217,10525.461707650276,10692.797574702561,11011.608202233358,10981.936026525193,10725.994080486838,8582.74518039892,8277.164025015278,8150.242819481483,10512.574166507786,10609.154522298142,10433.990804529196,10453.561679926885,7416.120321896212,4101.094870406266,4057.3688312533623,4242.9243204042805,4168.504617535993,5564.792202121195,2950.2293851762392,878.1760798015551,910.9123250633149,910.9123250633149,910.9123250633149,3423.3166153864745,3281.808157619413,1888.2441398883896,1326.2497421241292,1196.9057870588465,1135.0750421914572,1602.630646556402,2714.7343913000623,2897.5628641455864,8463.78437921071,44.27272190641086,44.27272190641086,44.27272190641086,0.0,415.60845996645145,1188.1950249395693,1188.1950249395693,910.9123250633149,910.9123250633149,910.9123250633149,1572.5121823367872,1452.5659227355843,988.6336861864717,1178.1956412937348,1712.2680604643954,1729.7540280855271,1712.2680604643954,1107.2916157358814,5796.6930652976935,6362.668058779973,6515.473516785819,3140.144976558783,2411.463508862882,2078.9224992460126,2526.773752166707,2778.3021965945522,2951.914446123865,2618.1965550401665,3108.0420756925487,2836.0424624660654,2847.1327163856204,2832.0658548723163,4485.697378114309,4583.664604357358,4935.560137888674,4704.260448864319,4623.490759140516,4922.626257155551,4716.846155743696,7517.198178519165,6507.96531522576,1909.8823433400557,3631.6513987287326,3658.7230796518256,5898.439893082825,4879.010255024939,6439.647786459641,2925.8412655976667,2920.0871591837304,3713.2389101368026,5215.466504687493,469.9867755917342,3481.05741455594,3817.935382561008
92,7812.616369986467,8380.159887952685,9543.722093433695,9264.85349682905,9200.433404251848,9489.785130061278,9630.622838370202,10962.285648213947,9875.135698854967,10063.764211902633,10493.496485135138,10949.957125958637,10037.995962601506,10037.995962601506,10037.995962601506,10212.513315666742,10184.248797397293,10184.248797397293,10081.3982178287,10688.63780602965,9200.433404251848,9128.911571780902,10541.154632886504,10050.993596239914,10570.060874991745,10467.875569167247,10506.384026277628,10063.764211902633,9669.248563126266,9559.577649827857,8070.677112957808,8137.863252019423,8125.677640832407,10745.46913244141,10704.079808247212,10704.079808247212,9911.941659277572,9927.599578299569,9580.814970957888,9607.044835166751,8617.515164510956,8238.449336080299,8098.694971401843,10197.243992782287,9655.073902905931,9781.381929076782,10036.392687522934,10242.316203296214,9931.944438197212,8577.825352752487,10784.611230043893,9654.847347137145,9927.599578299569,10506.384026277628,10673.719893329913,10992.53052086071,10962.858345152545,10706.91639911419,8563.667499026273,8258.08634364263,8131.165138108835,10493.496485135138,10590.076840925494,10414.913123156548,10434.483998554237,7397.042640523563,4082.0171890336183,4038.2911498807143,4223.846639031633,4149.426936163345,5545.714520748547,3036.0658009766416,964.0124956019566,996.7487408637164,996.7487408637164,996.7487408637164,3404.2389340138266,3262.730476246765,1869.1664585157414,1412.0861579245309,1282.742202859248,1220.9114579918587,1688.4670623568036,2800.570807100464,2983.399279945989,8444.706697838063,459.8811818728623,459.8811818728623,459.8811818728623,415.60845996645145,0.0,1169.1173435669211,1169.1173435669211,996.7487408637164,996.7487408637164,996.7487408637164,1658.3485981371887,1433.488241362936,969.5560048138235,1159.1179599210866,1798.1044762647973,1815.590443885929,1798.1044762647973,1193.128031536283,5777.6153839250455,6343.590377407325,6496.395835413171,3121.067295186135,2392.3858274902336,2059.8448178733647,2507.6960707940584,2864.138612394954,3037.750861924267,2704.0329708405684,3193.8784914929497,2921.878878266468,2932.9691321860228,2917.9022706727183,4466.619696741661,4564.58692298471,4916.482456516026,4685.18276749167,4604.413077767867,4903.548575782903,4697.768474371048,7498.120497146517,6488.887633853112,1995.7187591404572,3717.487814529134,3744.559495452227,5879.362211710177,4859.9325736522915,6420.570105086992,2906.763584225019,2901.0094778110824,3694.161228764154,5196.388823314845,120.4637241803828,3461.979733183292,3798.8577011883594
93,7666.210395748864,8233.753913715083,9397.316119196092,9118.447522591447,9054.027430014248,9343.379155823679,9484.216864132602,10815.879673976344,9728.729724617364,9917.358237665034,10347.090510897535,10803.551151721034,9891.589988363907,9891.589988363907,9891.589988363907,10066.107341429142,10037.842823159694,10037.842823159694,9934.992243591101,10542.231831792047,9054.027430014248,8982.505597543302,10394.748658648905,9904.587622002315,10423.654900754145,10321.469594929647,10359.978052040029,9917.358237665034,9522.842588888663,9413.171675590258,7924.271138720207,7991.457277781821,7979.271666594805,10599.063158203811,10557.673834009613,10557.673834009613,9765.535685039973,9781.19360406197,9434.408996720289,9460.638860929152,8471.109190273353,8092.043361842698,7952.288997164242,10050.838018544688,9508.667928668332,9634.975954839183,9889.986713285334,10095.910229058616,9785.538463959612,8431.419378514887,10638.205255806293,9508.441372899546,9781.19360406197,10359.978052040029,10527.313919092314,10846.12454662311,10816.452370914945,10560.510424876591,8417.26152478867,8111.680369405029,7984.759163871234,10347.090510897535,10443.67086668789,10268.507148918949,10288.078024316637,7250.636666285961,3935.611214796016,3891.8851756431122,4077.440664794031,4003.0209619257434,5399.308546510945,2553.833586769249,1139.4592882357163,1172.1955334974762,1172.1955334974762,1172.1955334974762,3257.8329597762245,3116.324502009163,1722.7604842781395,2184.672722897649,2026.3283368274097,1879.9600385956862,2409.9894440392145,2318.338592893072,2501.167065738596,8298.300723600461,1232.4677468459804,1232.4677468459804,1232.4677468459804,1188.1950249395695,1169.1173435669211,0.0,0.0,1172.1955334974762,1172.1955334974762,1172.1955334974762,2329.572929338045,1493.4981579592497,767.2584778837185,313.2189236796255,1342.7035417938946,1360.1895094150264,1342.7035417938946,873.5861367227707,5631.209409687443,6197.184403169723,6349.989861175569,2974.661320948533,2245.979853252631,1913.4388436357629,2361.290096556456,2381.906398187562,2555.518647716875,2221.800756633176,2711.6462772855584,2439.646664059075,2450.73691797863,2435.670056465326,4320.213722504059,4418.180948747108,4770.076482278424,4538.776793254068,4458.007103530265,4757.142601545301,4551.362500133446,7351.714522908915,6342.48165961551,1513.4865449330653,3235.2556003217414,3262.3272812448345,5732.956237472575,4713.5265994146885,6274.16413084939,2728.8559142187537,2723.1018078048173,3547.7552545265517,5049.9828490772425,1223.495659192204,3315.57375894569,3652.451726950757
94,7666.210395748864,8233.753913715083,9397.316119196092,9118.447522591447,9054.027430014248,9343.379155823679,9484.216864132602,10815.879673976344,9728.729724617364,9917.358237665034,10347.090510897535,10803.551151721034,9891.589988363907,9891.589988363907,9891.589988363907,10066.107341429142,10037.842823159694,10037.842823159694,9934.992243591101,10542.231831792047,9054.027430014248,8982.505597543302,10394.748658648905,9904.587622002315,10423.654900754145,10321.469594929647,10359.978052040029,9917.358237665034,9522.842588888663,9413.171675590258,7924.271138720207,7991.457277781821,7979.271666594805,10599.063158203811,10557.673834009613,10557.673834009613,9765.535685039973,9781.19360406197,9434.408996720289,9460.638860929152,8471.109190273353,8092.043361842698,7952.288997164242,10050.838018544688,9508.667928668332,9634.975954839183,9889.986713285334,10095.910229058616,9785.538463959612,8431.419378514887,10638.205255806293,9508.441372899546,9781.19360406197,10359.978052040029,10527.313919092314,10846.12454662311,10816.452370914945,10560.510424876591,8417.26152478867,8111.680369405029,7984.759163871234,10347.090510897535,10443.67086668789,10268.507148918949,10288.078024316637,7250.636666285961,3935.611214796016,3891.8851756431122,4077.440664794031,4003.0209619257434,5399.308546510945,2553.833586769249,1139.4592882357163,1172.1955334974762,1172.1955334974762,1172.1955334974762,3257.8329597762245,3116.324502009163,1722.7604842781395,2184.672722897649,2026.3283368274097,1879.9600385956862,2409.9894440392145,2318.338592893072,2501.167065738596,8298.300723600461,1232.4677468459804,1232.4677468459804,1232.4677468459804,1188.1950249395695,1169.1173435669211,0.0,0.0,1172.1955334974762,1172.1955334974762,1172.1955334974762,2329.572929338045,1493.4981579592497,767.2584778837185,313.2189236796255,1342.7035417938946,1360.1895094150264,1342.7035417938946,873.5861367227707,5631.209409687443,6197.184403169723,6349.989861175569,2974.661320948533,2245.979853252631,1913.4388436357629,2361.290096556456,2381.906398187562,2555.518647716875,2221.800756633176,2711.6462772855584,2439.646664059075,2450.73691797863,2435.670056465326,4320.213722504059,4418.180948747108,4770.076482278424,4538.776793254068,4458.007103530265,4757.142601545301,4551.362500133446,7351.714522908915,6342.48165961551,1513.4865449330653,3235.2556003217414,3262.3272812448345,5732.956237472575,4713.5265994146885,6274.16413084939,2728.8559142187537,2723.1018078048173,3547.7552545265517,5049.9828490772425,1223.495659192204,3315.57375894569,3652.451726950757
95,8177.095945345783,8744.639463312,9908.20166879301,9629.333072188365,9564.912979611165,9854.264705420595,9995.102413729519,11326.765223573262,10239.615274214282,10428.24378726195,10857.976060494453,11314.436701317953,10402.475537960823,10402.475537960823,10402.475537960823,10576.992891026059,10548.72837275661,10548.72837275661,10445.877793188018,11053.117381388965,9564.912979611165,9493.391147140219,10905.634208245821,10415.473171599231,10934.540450351062,10832.355144526564,10870.863601636946,10428.24378726195,10033.728138485581,9924.057225187173,8435.156688317122,8502.342827378743,8490.157216191727,11109.948707800728,11068.559383606529,11068.559383606529,10276.42123463689,10292.079153658886,9945.294546317205,9971.524410526068,8981.994739870272,8602.92891143961,8463.17454676116,10561.723568141604,10019.553478265248,10145.861504436098,10400.87226288225,10606.79577865553,10296.424013556529,8942.304928111804,11149.09080540321,10019.326922496462,10292.079153658886,10870.863601636946,11038.19946868923,11357.010096220027,11327.337920511862,11071.395974473508,8928.147074385588,8622.565919001945,8495.64471346815,10857.976060494453,10954.556416284808,10779.392698515865,10798.963573913554,7603.4318892514375,4444.753016051831,4401.026976898927,4588.326214390948,4426.447223476738,5910.194096107863,2232.4736322939884,112.42364032525543,0.0,0.0,0.0,3804.536363407625,3660.1861791437027,2469.3844207856546,1324.7012380695103,1195.0058441713522,1133.5265381368383,1600.7307036689078,1996.9786384178096,2179.8071112633356,8651.095946565936,955.1850469697259,955.1850469697259,955.1850469697259,910.912325063315,996.7487408637165,1172.1955334974762,1172.1955334974762,0.0,0.0,0.0,1570.9636782821683,1716.8009617890514,1569.773967083737,858.9766098178507,994.5926150926393,1012.0785827137713,994.5926150926393,389.6161703641252,6142.094959284361,6708.06995276664,6853.5760432373645,3296.004668996664,2992.603789760148,2660.0627801432784,3107.914033063973,2060.5464437122996,2234.1586932416126,1900.4408021579145,2390.286322810297,2118.2867095838146,2129.3769635033696,2114.3101019900637,4831.099272100976,4929.066498344026,5122.8717052439,4891.572016219545,4810.802326495742,5178.129612757841,5059.9828233257895,7855.30070497071,6853.367209212427,1192.1265904578036,2913.895645846479,2940.967326769572,6243.841787069492,5224.412149011607,6626.9593538148665,2407.495959743492,2401.741853329556,4294.379191034067,5402.778072042719,1051.1270564889992,3862.27716257709,4399.075663458272
96,8177.095945345783,8744.639463312,9908.20166879301,9629.333072188365,9564.912979611165,9854.264705420595,9995.102413729519,11326.765223573262,10239.615274214282,10428.24378726195,10857.976060494453,11314.436701317953,10402.475537960823,10402.475537960823,10402.475537960823,10576.992891026059,10548.72837275661,10548.72837275661,10445.877793188018,11053.117381388965,9564.912979611165,9493.391147140219,10905.634208245821,10415.473171599231,10934.540450351062,10832.355144526564,10870.863601636946,10428.24378726195,10033.728138485581,9924.057225187173,8435.156688317122,8502.342827378743,8490.157216191727,11109.948707800728,11068.559383606529,11068.559383606529,10276.42123463689,10292.079153658886,9945.294546317205,9971.524410526068,8981.994739870272,8602.92891143961,8463.17454676116,10561.723568141604,10019.553478265248,10145.861504436098,10400.87226288225,10606.79577865553,10296.424013556529,8942.304928111804,11149.09080540321,10019.326922496462,10292.079153658886,10870.863601636946,11038.19946868923,11357.010096220027,11327.337920511862,11071.395974473508,8928.147074385588,8622.565919001945,8495.64471346815,10857.976060494453,10954.556416284808,10779.392698515865,10798.963573913554,7603.4318892514375,4444.753016051831,4401.026976898927,4588.326214390948,4426.447223476738,5910.194096107863,2232.4736322939884,112.42364032525543,0.0,0.0,0.0,3804.536363407625,3660.1861791437027,2469.3844207856546,1324.7012380695103,1195.0058441713522,1133.5265381368383,1600.7307036689078,1996.9786384178096,2179.8071112633356,8651.095946565936,955.1850469697259,955.1850469697259,955.1850469697259,910.912325063315,996.7487408637165,1172.1955334974762,1172.1955334974762,0.0,0.0,0.0,1570.9636782821683,1716.8009617890514,1569.773967083737,858.9766098178507,994.5926150926393,1012.0785827137713,994.5926150926393,389.6161703641252,6142.094959284361,6708.06995276664,6853.5760432373645,3296.004668996664,2992.603789760148,2660.0627801432784,3107.914033063973,2060.5464437122996,2234.1586932416126,1900.4408021579145,2390.286322810297,2118.2867095838146,2129.3769635033696,2114.3101019900637,4831.099272100976,4929.066498344026,5122.8717052439,4891.572016219545,4810.802326495742,5178.129612757841,5059.9828233257895,7855.30070497071,6853.367209212427,1192.1265904578036,2913.895645846479,2940.967326769572,6243.841787069492,5224.412149011607,6626.9593538148665,2407.495959743492,2401.741853329556,4294.379191034067,5402.778072042719,1051.1270564889992,3862.27716257709,4399.075663458272
97,8177.095945345783,8744.639463312,9908.20166879301,9629.333072188365,9564.912979611165,9854.264705420595,9995.102413729519,11326.765223573262,10239.615274214282,10428.24378726195,10857.976060494453,11314.436701317953,10402.475537960823,10402.475537960823,10402.475537960823,10576.992891026059,10548.72837275661,10548.72837275661,10445.877793188018,11053.117381388965,9564.912979611165,9493.391147140219,10905.634208245821,10415.473171599231,10934.540450351062,10832.355144526564,10870.863601636946,10428.24378726195,10033.728138485581,9924.057225187173,8435.156688317122,8502.342827378743,8490.157216191727,11109.948707800728,11068.559383606529,11068.559383606529,10276.42123463689,10292.079153658886,9945.294546317205,9971.524410526068,8981.994739870272,8602.92891143961,8463.17454676116,10561.723568141604,10019.553478265248,10145.861504436098,10400.87226288225,10606.79577865553,10296.424013556529,8942.304928111804,11149.09080540321,10019.326922496462,10292.079153658886,10870.863601636946,11038.19946868923,11357.010096220027,11327.337920511862,11071.395974473508,8928.147074385588,8622.565919001945,8495.64471346815,10857.976060494453,10954.556416284808,10779.392698515865,10798.963573913554,7603.4318892514375,4444.753016051831,4401.026976898927,4588.326214390948,4426.447223476738,5910.194096107863,2232.4736322939884,112.42364032525543,0.0,0.0,0.0,3804.536363407625,3660.1861791437027,2469.3844207856546,1324.7012380695103,1195.0058441713522,1133.5265381368383,1600.7307036689078,1996.9786384178096,2179.8071112633356,8651.095946565936,955.1850469697259,955.1850469697259,955.1850469697259,910.912325063315,996.7487408637165,1172.1955334974762,1172.1955334974762,0.0,0.0,0.0,1570.9636782821683,1716.8009617890514,1569.773967083737,858.9766098178507,994.5926150926393,1012.0785827137713,994.5926150926393,389.6161703641252,6142.094959284361,6708.06995276664,6853.5760432373645,3296.004668996664,2992.603789760148,2660.0627801432784,3107.914033063973,2060.5464437122996,2234.1586932416126,1900.4408021579145,2390.286322810297,2118.2867095838146,2129.3769635033696,2114.3101019900637,4831.099272100976,4929.066498344026,5122.8717052439,4891.572016219545,4810.802326495742,5178.129612757841,5059.9828233257895,7855.30070497071,6853.367209212427,1192.1265904578036,2913.895645846479,2940.967326769572,6243.841787069492,5224.412149011607,6626.9593538148665,2407.495959743492,2401.741853329556,4294.379191034067,5402.778072042719,1051.1270564889992,3862.27716257709,4399.075663458272
98,8972.287678499328,9539.831196465551,10703.393401946556,10424.52480534191,10360.10471276471,10649.456438574141,10790.294146883065,12121.956956726808,11034.807007367828,11223.435520415496,11653.167793648,12109.628434471499,11197.66727111437,11197.66727111437,11197.66727111437,11372.184624179605,11343.920105910156,11343.920105910156,11241.069526341564,11848.309114542511,10360.10471276471,10288.582880293765,11700.825941399367,11210.664904752777,11729.732183504608,11627.54687768011,11666.055334790492,11223.435520415496,10828.919871639127,10719.248958340719,9230.348421470668,9297.534560532284,9285.348949345267,11905.140440954274,11863.751116760075,11863.751116760075,11071.612967790436,11087.270886812432,10740.486279470751,10766.716143679614,9777.186473023818,9398.120644593162,9258.366279914708,11356.91530129515,10814.745211418794,10941.053237589644,11196.063996035797,11401.987511809079,11091.615746710075,9737.49666126535,11944.282538556756,10814.518655650008,11087.270886812432,11666.055334790492,11833.391201842776,12152.201829373573,12122.529653665408,11866.587707627054,9723.338807539134,9417.757652155491,9290.836446621695,11653.167793648,11749.748149438356,11574.584431669411,11594.1553070671,8556.713949036426,5241.68849754648,5197.9624583935765,5383.517947544494,5309.098244676207,6705.385829261409,3609.6489293069994,1538.2274330204086,1570.9636782821685,1570.9636782821685,1570.9636782821685,4563.91024252669,4422.40178475963,3028.8377670286054,1139.3166049838128,507.91913995037163,517.6500212350795,355.92097221286963,3374.153935430822,3556.9824082763466,9604.378006350924,1616.7849042431976,1616.7849042431976,1616.7849042431976,1572.5121823367867,1658.3485981371882,2329.572929338044,2329.572929338044,1570.9636782821685,1570.9636782821685,1570.9636782821685,0.0,1032.8873143945711,2130.011590584947,2236.783715918955,2364.796573440498,2382.28254106163,2364.796573440498,1759.820128711984,6937.286692437907,7503.261685920186,7656.067143926032,4280.738603699,3552.057136003097,3219.516126386229,3667.367379306922,3437.721740725312,3611.333990254625,3277.616099170926,3767.4616198233066,3495.4620065968256,3506.5522605163806,3491.485399003076,5626.291005254522,5724.258231497572,6076.153765028889,5844.854076004534,5764.084386280731,6063.219884295764,5857.439782883909,8657.791805659379,7648.558942365973,2569.301887470814,4291.070942859492,4318.142623782585,7039.033520223038,6019.603882165153,7580.241413599856,3784.6712567565028,3778.9171503425664,4853.832537277016,6356.060131827709,1712.726913762471,4621.651041696157,4958.529009701224
99,8136.212907120535,8703.75642508675,9867.318630567765,9588.45003396312,9524.02994138592,9813.38166719535,9954.219375504274,11285.882185348017,10198.732235989037,10387.360749036705,10817.093022269208,11273.553663092707,10361.592499735578,10361.592499735578,10361.592499735578,10536.109852800813,10507.845334531365,10507.845334531365,10404.994754962772,11012.23434316372,9524.02994138592,9452.508108914973,10864.751170020576,10374.590133373986,10893.657412125816,10791.472106301318,10829.9805634117,10387.360749036705,9992.845100260336,9883.174186961927,8394.273650091876,8461.459789153496,8449.27417796648,11069.065669575482,11027.676345381284,11027.676345381284,10235.538196411644,10251.19611543364,9904.41150809196,9930.641372300823,8941.111701645026,8562.045873214365,8422.291508535913,10520.840529916359,9978.670440040003,10104.978466210852,10359.989224657005,10565.912740430285,10255.540975331283,8901.421889886558,11108.207767177964,9978.443884271217,10251.19611543364,10829.9805634117,10997.316430463985,11316.127057994781,11286.454882286616,11030.512936248262,8887.264036160343,8581.6828807767,8454.761675242902,10817.093022269208,10913.673378059562,10738.50966029062,10758.080535688308,7720.639177657632,4405.613726167687,4361.887687014783,4547.443176165701,4473.023473297414,5869.311057882615,3724.1134374030376,1684.0647165272917,1716.8009617890516,1716.8009617890516,1716.8009617890516,3727.8354711478964,3586.327013380835,2192.7629956498113,1285.1538884906963,729.6427218839362,583.274423652213,1113.3038290957409,3488.61844352686,3671.4469163723847,8768.30323497213,1496.8386446419954,1496.8386446419954,1496.8386446419954,1452.5659227355845,1433.4882413629366,1493.498157959249,1493.498157959249,1716.8009617890516,1716.8009617890516,1716.8009617890516,1032.8873143945714,0.0,1293.9368192061522,1483.4987743134145,2512.983392427683,2530.4693600488154,2512.983392427683,1909.758913074259,6101.211921059114,6667.186914541393,6819.992372547239,3444.663832320205,2715.9823646243044,2383.441355007435,2831.292607928129,3552.18624882135,3725.798498350663,3392.0806072669643,3881.9261279193447,3609.9265146928637,3621.0167686124187,3605.949907099114,4790.216233875729,4888.183460118778,5240.078993650094,5008.779304625739,4928.009614901936,5227.145112916971,5021.365011505116,7821.717034280585,6812.48417098718,2683.766395566852,4405.535450955531,4432.607131878624,6202.958748844245,5183.5291107863595,6744.166642221061,3230.3601213590896,3224.606014945153,4017.7577658982236,5519.9853604489135,1487.8665569882194,3785.576270317362,4122.454238322429
100,7235.362891052749,7802.906409018966,8966.468614499974,8687.600017895329,8623.179925318129,8912.53165112756,9053.369359436483,10385.032169280226,9297.882219921246,9486.510732968914,9916.243006201417,10372.703647024917,9460.742483667787,9460.742483667787,9460.742483667787,9635.259836733023,9606.995318463574,9606.995318463574,9504.144738894982,10111.38432709593,8623.179925318129,8551.658092847183,9963.901153952786,9473.740117306195,9992.807396058026,9890.622090233528,9929.13054734391,9486.510732968914,9091.995084192546,8982.324170894142,7493.42363402409,7560.609773085705,7548.424161898688,10168.215653507692,10126.826329313493,10126.826329313493,9334.688180343854,9350.34609936585,9003.56149202417,9029.791356233032,8040.261685577234,7661.19585714658,7521.441492468124,9619.990513848568,9077.820423972213,9204.128450143067,9459.139208589215,9665.062724362495,9354.690959263493,8000.571873818767,10207.357751110174,9077.593868203427,9350.34609936585,9929.13054734391,10096.466414396195,10415.277041926991,10385.604866218826,10129.662920180472,7986.414020092552,7680.832864708911,7553.911659175116,9916.243006201417,10012.823361991772,9837.65964422283,9857.230519620518,6819.789161589845,3504.7637100998995,3461.0376709469956,3646.5931600979143,3572.173457229627,4968.461041814829,2982.110819182138,1537.0377218219778,1569.7739670837377,1569.7739670837377,1569.7739670837377,2826.9854550801083,2685.4769973130465,1291.912979582024,1985.1113841445501,1826.7669980743117,1680.3986998425883,2210.428105286116,2746.6158253059607,2929.4442981514853,7867.453218904345,1032.9064080928822,1032.9064080928822,1032.9064080928822,988.6336861864713,969.556004813823,767.2584778837186,767.2584778837186,1569.7739670837377,1569.7739670837377,1569.7739670837377,2130.011590584946,1293.9368192061518,0.0,757.259094237884,1786.743712352153,1804.2296799732846,1786.743712352153,1317.6263072810286,5200.361904991327,5766.336898473606,5919.142356479452,2543.8138162524183,1815.1323485565156,1482.5913389396474,1930.4425918603404,2810.1836306004507,2983.7958801297636,2650.077989046065,3089.757848897313,2867.9238964719643,2879.0141503915193,2863.9472888782147,3889.3662178079417,3987.333444050992,4339.2289775823065,4107.9292885579525,4027.15959883415,4326.295096849182,4120.514995437327,6920.867018212798,5911.634154919393,1957.5267154913236,3590.8640159578345,3617.9356968809275,5302.108732776458,4282.679094718572,5843.316626153274,2329.5101052913005,2323.755998877364,3116.9077498304364,4619.135344381127,1023.9343204391057,2884.7262542495737,3221.6042222546416
101,7656.21101210303,8223.754530069249,9387.316735550257,9108.448138945612,9044.028046368414,9333.379772177845,9474.217480486768,10805.88029033051,9718.73034097153,9907.3588540192,10337.0911272517,10793.5517680752,9881.590604718072,9881.590604718072,9881.590604718072,10056.107957783308,10027.84343951386,10027.84343951386,9924.992859945267,10532.232448146213,9044.028046368414,8972.506213897468,10384.74927500307,9894.58823835648,10413.655517108311,10311.470211283813,10349.978668394195,9907.3588540192,9512.843205242829,9403.172291944424,7914.271755074373,7981.457894135987,7969.27228294897,10589.063774557977,10547.674450363778,10547.674450363778,9755.536301394139,9771.194220416135,9424.409613074455,9450.639477283317,8461.109806627519,8082.0439781968635,7942.289613518407,10040.838634898853,9498.668545022498,9624.976571193349,9879.9873296395,10085.910845412782,9775.539080313778,8421.419994869053,10628.205872160459,9498.441989253712,9771.194220416135,10349.978668394195,10517.31453544648,10836.125162977276,10806.452987269111,10550.511041230757,8407.262141142835,8101.680985759194,7974.7597802253995,10337.0911272517,10433.671483042055,10258.507765273114,10278.078640670803,7240.637282640127,3925.6118311501814,3881.8857919972775,4067.441281148196,3993.0215782799087,5389.309162865111,2240.614663089624,826.2403645560906,858.9766098178504,858.9766098178504,858.9766098178504,3247.8335761303897,3106.3251183633283,1712.761100632305,1990.5212757062966,1860.8258818081385,1799.3465757736244,2266.550741305694,2005.1196692134454,2187.9481420589714,8288.301339954627,1222.4683632001459,1222.4683632001459,1222.4683632001459,1178.195641293735,1159.1179599210866,313.2189236796255,313.2189236796255,858.9766098178504,858.9766098178504,858.9766098178504,2236.7837159189544,1483.498774313415,757.2590942378839,0.0,1029.4846181142689,1046.9705857354008,1029.4846181142689,560.3672130431452,5621.210026041609,6187.1850195238885,6339.990477529735,2964.6619373026983,2235.9804696067968,1903.4394599899283,2351.2907129106216,2068.687474507936,2242.299724037249,1908.5818329535502,2398.4273536059327,2126.4277403794504,2137.5179942990053,2122.4511327857,4310.214338858224,4408.181565101274,4760.077098632589,4528.777409608234,4448.007719884431,4747.143217899466,4541.3631164876115,7341.71513926308,6332.482275969675,1200.2676212534393,2922.036676642115,2949.108357565208,5722.95685382674,4703.527215768854,6264.164747203556,2415.636990539128,2409.8828841251916,3537.7558708807173,5039.983465431408,1213.4962755463694,3305.574375299855,3642.4523433049226
102,8130.025559472576,8697.569077438793,9861.131282919807,9582.262686315162,9517.842593737962,9807.194319547392,9948.032027856316,11279.694837700059,10192.544888341079,10381.173401388747,10810.90567462125,11267.36631544475,10355.40515208762,10355.40515208762,10355.40515208762,10529.922505152856,10501.657986883407,10501.657986883407,10398.807407314815,11006.046995515762,9517.842593737962,9446.320761267016,10858.563822372618,10368.402785726028,10887.470064477859,10785.28475865336,10823.793215763742,10381.173401388747,9986.657752612378,9876.98683931397,8388.086302443919,8455.272441505538,8443.086830318522,11062.878321927525,11021.488997733326,11021.488997733326,10229.350848763686,10245.008767785683,9898.224160444002,9924.454024652865,8934.924353997068,8555.858525566407,8416.104160887955,10514.653182268401,9972.483092392045,10098.791118562895,10353.801877009048,10559.72539278233,10249.353627683326,8895.2345422386,11102.020419530007,9972.25653662326,10245.008767785683,10823.793215763742,10991.129082816027,11309.939710346824,11280.267534638659,11024.325588600304,8881.076688512385,8575.495533128742,8448.574327594944,10810.90567462125,10907.486030411606,10732.322312642662,10751.89318804035,7556.361503378232,4397.682630178624,4353.956591025721,4541.255828517742,4379.376837603532,5863.123710234657,2185.4032464207817,961.8563698308798,994.5926150926396,994.5926150926396,994.5926150926396,3757.4659775344176,3613.115793270496,2742.2457187465734,2124.946974248842,1986.2894721614066,1931.4609341505602,2392.014331658962,1949.9082525446024,2132.736725390129,8604.025560692733,1756.5407823708072,1756.5407823708072,1756.5407823708072,1712.2680604643963,1798.1044762647978,1342.7035417938941,1342.7035417938941,994.5926150926396,994.5926150926396,994.5926150926396,2364.7965734404975,2512.983392427685,1786.7437123521524,1029.484618114269,0.0,176.71202760789356,0.0,604.9764447285143,6095.024573411155,6660.999566893434,6806.505657364158,3248.934283123457,3265.465087721066,2932.924078104197,3380.775331024891,2013.4760578390926,2187.0883073684054,1853.3704162847073,2343.21593693709,2071.216323710608,2082.306577630163,2067.2397161168565,4784.02888622777,4881.99611247082,5075.801319370694,4844.501630346339,4763.731940622536,5131.059226884634,5012.912437452583,7808.2303190975035,6806.296823339221,1145.0562045845966,2866.8252599732723,2893.8969408963653,6196.771401196286,5177.3417631384,6579.888967941661,2360.4255738702855,2354.671467456349,4448.052223076322,5355.707686169513,1852.4827918900805,3815.206776703883,4552.748695500529
103,8147.511527093707,8715.055045059926,9878.617250540936,9599.74865393629,9535.32856135909,9824.680287168521,9965.517995477445,11297.180805321188,10210.030855962208,10398.659369009876,10828.391642242379,11284.852283065879,10372.89111970875,10372.89111970875,10372.89111970875,10547.408472773985,10519.143954504536,10519.143954504536,10416.293374935944,11023.532963136891,9535.32856135909,9463.806728888145,10876.049789993747,10385.888753347157,10904.956032098988,10802.77072627449,10841.279183384871,10398.659369009876,10004.143720233507,9894.472806935099,8405.572270065048,8472.758409126667,8460.57279793965,11080.364289548654,11038.974965354455,11038.974965354455,10246.836816384815,10262.494735406812,9915.710128065131,9941.939992273994,8952.410321618197,8573.344493187538,8433.590128509086,10532.13914988953,9989.969060013174,10116.277086184024,10371.287844630177,10577.211360403457,10266.839595304455,8912.72050985973,11119.506387151136,9989.742504244388,10262.494735406812,10841.279183384871,11008.615050437156,11327.425677967953,11297.753502259788,11041.811556221433,8898.562656133514,8592.981500749871,8466.060295216075,10828.391642242379,10924.971998032734,10749.808280263791,10769.37915566148,7573.847470999363,4415.168597799756,4371.442558646852,4558.741796138873,4396.862805224663,5880.609677855788,2202.8892140419134,979.3423374520117,1012.0785827137715,1012.0785827137715,1012.0785827137715,3774.9519451555498,3630.6017608916277,2759.731686367706,2142.4329418699735,2003.7754397825386,1948.9469017716922,2409.5002992800937,1967.3942201657346,2150.2226930112606,8621.511528313864,1774.0267499919394,1774.0267499919394,1774.0267499919394,1729.7540280855285,1815.59044388593,1360.1895094150264,1360.1895094150264,1012.0785827137715,1012.0785827137715,1012.0785827137715,2382.28254106163,2530.4693600488167,1804.2296799732846,1046.9705857354013,176.71202760789356,0.0,176.71202760789356,622.4624123496462,6112.510541032286,6678.485534514565,6823.99162498529,3266.420250744589,3282.9510553421987,2950.41004572533,3398.2612986460235,2030.9620254602248,2204.5742749895376,1870.8563839058395,2360.7019045582224,2088.7022913317396,2099.7925452512945,2084.7256837379887,4801.514853848901,4899.482080091951,5093.287286991826,4861.987597967471,4781.217908243668,5148.545194505767,5030.398405073714,7825.716286718636,6823.782790960352,1162.5421722057288,2884.311227594405,2911.382908517498,6214.257368817417,5194.827730759531,6597.374935562792,2377.911541491417,2372.157435077481,4465.538190697454,5373.193653790645,1869.9687595112127,3832.692744325015,4570.234663121662
104,8130.025559472576,8697.569077438793,9861.131282919807,9582.262686315162,9517.842593737962,9807.194319547392,9948.032027856316,11279.694837700059,10192.544888341079,10381.173401388747,10810.90567462125,11267.36631544475,10355.40515208762,10355.40515208762,10355.40515208762,10529.922505152856,10501.657986883407,10501.657986883407,10398.807407314815,11006.046995515762,9517.842593737962,9446.320761267016,10858.563822372618,10368.402785726028,10887.470064477859,10785.28475865336,10823.793215763742,10381.173401388747,9986.657752612378,9876.98683931397,8388.086302443919,8455.272441505538,8443.086830318522,11062.878321927525,11021.488997733326,11021.488997733326,10229.350848763686,10245.008767785683,9898.224160444002,9924.454024652865,8934.924353997068,8555.858525566407,8416.104160887955,10514.653182268401,9972.483092392045,10098.791118562895,10353.801877009048,10559.72539278233,10249.353627683326,8895.2345422386,11102.020419530007,9972.25653662326,10245.008767785683,10823.793215763742,10991.129082816027,11309.939710346824,11280.267534638659,11024.325588600304,8881.076688512385,8575.495533128742,8448.574327594944,10810.90567462125,10907.486030411606,10732.322312642662,10751.89318804035,7556.361503378232,4397.682630178624,4353.956591025721,4541.255828517742,4379.376837603532,5863.123710234657,2185.4032464207817,961.8563698308798,994.5926150926396,994.5926150926396,994.5926150926396,3757.4659775344176,3613.115793270496,2742.2457187465734,2124.946974248842,1986.2894721614066,1931.4609341505602,2392.014331658962,1949.9082525446024,2132.736725390129,8604.025560692733,1756.5407823708072,1756.5407823708072,1756.5407823708072,1712.2680604643963,1798.1044762647978,1342.7035417938941,1342.7035417938941,994.5926150926396,994.5926150926396,994.5926150926396,2364.7965734404975,2512.983392427685,1786.7437123521524,1029.484618114269,0.0,176.71202760789356,0.0,604.9764447285143,6095.024573411155,6660.999566893434,6806.505657364158,3248.934283123457,3265.465087721066,2932.924078104197,3380.775331024891,2013.4760578390926,2187.0883073684054,1853.3704162847073,2343.21593693709,2071.216323710608,2082.306577630163,2067.2397161168565,4784.02888622777,4881.99611247082,5075.801319370694,4844.501630346339,4763.731940622536,5131.059226884634,5012.912437452583,7808.2303190975035,6806.296823339221,1145.0562045845966,2866.8252599732723,2893.8969408963653,6196.771401196286,5177.3417631384,6579.888967941661,2360.4255738702855,2354.671467456349,4448.052223076322,5355.707686169513,1852.4827918900805,3815.206776703883,4552.748695500529
105,7794.451113646813,8361.99463161303,9525.55683709404,9246.688240489395,9182.268147912195,9471.619873721625,9612.457582030549,10944.120391874292,9856.970442515312,10045.59895556298,10475.331228795483,10931.791869618983,10019.830706261853,10019.830706261853,10019.830706261853,10194.348059327089,10166.08354105764,10166.08354105764,10063.232961489048,10670.472549689996,9182.268147912195,9110.746315441249,10522.989376546851,10032.828339900261,10551.895618652092,10449.710312827594,10488.218769937976,10045.59895556298,9651.083306786612,9541.412393488203,8052.511856618154,8119.697995679769,8107.512384492752,10727.303876101758,10685.91455190756,10685.91455190756,9893.77640293792,9909.434321959916,9562.649714618236,9588.879578827098,8599.349908171302,8220.284079740644,8080.529715062188,10179.078736442634,9636.908646566279,9763.216672737128,10018.22743118328,10224.15094695656,9913.779181857559,8559.660096412834,10766.44597370424,9636.682090797492,9909.434321959916,10488.218769937976,10655.55463699026,10974.365264521057,10944.693088812892,10688.751142774538,8545.502242686618,8239.921087302975,8112.99988176918,10475.331228795483,10571.911584585838,10396.747866816895,10416.318742214584,7220.787057552466,4062.10818435286,4018.382145199956,4205.681382691978,4043.8023917777664,5527.549264408893,1849.8288005950155,356.8799251023654,389.61617036412514,389.61617036412514,389.61617036412514,3421.8915317086517,3277.5413474447305,2273.12831367545,1519.9705295203273,1381.3130274328923,1326.484489422046,1787.037886930448,1614.333806718837,1797.1622795643627,8268.451114866966,1151.5643376422925,1151.5643376422925,1151.5643376422925,1107.2916157358816,1193.128031536283,873.5861367227708,873.5861367227708,389.61617036412514,389.61617036412514,389.61617036412514,1759.8201287119837,1909.758913074259,1317.6263072810293,560.3672130431451,604.9764447285141,622.4624123496462,604.9764447285141,0.0,5759.450127585391,6325.42512106767,6470.931211538395,2913.3598372976917,2796.3476826499436,2463.806673033074,2911.6579259537684,1677.9016120133272,1851.5138615426406,1517.7959704589418,2007.6414911113243,1735.6418778848422,1746.7321318043969,1731.6652702910912,4448.454440402006,4546.421666645056,4740.226873544929,4508.927184520573,4428.15749479677,4795.484781058871,4677.337991626818,7472.65587327174,6470.722377513457,809.4817587588309,2531.2508141475073,2558.3224950706003,5861.196955370522,4841.767317312637,6244.314522115895,2024.8511280445193,2019.097021630583,4098.123083923862,5020.133240343747,1247.5063471615658,3479.632330878117,4202.819556348068
106,2395.1394227102746,2962.6829406764928,4126.245146157506,3847.37654955286,3782.956456975658,4072.308182785085,4213.145891094014,5544.808700937753,4457.658751578779,4646.287264626438,5076.019537858946,5532.480178682444,4620.519015325311,4620.519015325311,4620.519015325311,4795.036368390545,4766.771850121097,4766.771850121097,4663.921270552505,5271.160858753458,3782.956456975658,3711.4346245047122,5123.677685610313,4633.51664896372,5152.583927715551,5050.39862189105,5088.907079001433,4646.287264626438,4251.771615850079,4142.100702551668,2653.2001656816155,2720.3863047432324,2708.2006935562154,5327.992185165218,5286.602860971023,5286.602860971023,4494.464712001385,4510.122631023381,4163.338023681695,4189.567887890558,3200.038217234763,2820.972388804108,2681.218024125654,4779.767045506098,4237.5969556297405,4363.904981800594,4618.915740246746,4824.839256020021,4514.4674909210225,3160.3484054762966,5367.1342827677045,4237.370399860957,4510.122631023381,5088.907079001433,5256.242946053716,5575.053573584515,5545.38139787635,5289.439451838007,3146.190551750083,2840.609396366439,2713.6881908326454,5076.019537858946,5172.599893649299,4997.4361758803525,5017.007051278041,3131.5980668479338,1815.9611478374484,1859.687186990352,1676.4169582192385,1763.8543638957779,379.35409129862575,5535.796828149383,6109.358714022603,6142.094959284362,6142.094959284362,6142.094959284362,2772.013630868979,2632.0294813734913,4944.228938324724,6793.170763255773,6634.042099927273,6487.67380169555,7017.703207139078,5300.301834273207,5483.13030711873,4179.262124162433,5840.965787204103,5840.965787204103,5840.965787204103,5796.693065297693,5777.615383925045,5631.209409687439,5631.209409687439,6142.094959284362,6142.094959284362,6142.094959284362,6937.286692437907,6101.211921059114,5200.361904991326,5621.210026041605,6095.024573411155,6112.510541032288,6095.024573411155,5759.450127585391,0.0,926.1134301311348,1374.491526415793,3460.265657722237,5154.958805858646,4854.264985285251,5270.269049162471,5363.869639567694,5537.481889097008,5203.763998013309,5568.724756149665,5421.60990543921,5432.700159358765,5417.633297845458,1515.0086665063532,1627.631849954494,3044.0672290809557,2228.6513643119306,2338.6182450595625,1022.8332996510327,1187.6852273618015,2152.390081657138,1071.410686576922,5679.362842316,6069.830923210189,6096.902604133283,448.8304180875859,2219.2930708610725,2155.125531411361,4327.589204401044,4321.835097987108,2488.8136519721324,1251.674893337074,5831.993699550328,2994.966152513338,2903.549871474982
107,1469.0259925791404,2036.569510545358,3200.13171602637,2921.263119421725,2856.843026844523,3146.19475265395,3287.0324609628788,4618.695270806618,3531.5453214476433,3720.1738344953055,4149.90610772781,4606.366748551309,3694.405585194179,3694.405585194179,3694.405585194179,3868.9229382594144,3840.6584199899658,3840.6584199899658,3737.8078404213734,4345.0474286223225,2856.843026844523,2785.3211943735773,4197.564255479179,3707.4032188325873,4226.470497584417,4124.285191759919,4162.793648870301,3720.1738344953055,3325.6581857189435,3215.9872724205334,1727.0867355504809,1794.2728746120986,1782.0872634250816,4401.878755034088,4360.489430839891,4360.489430839891,3568.3512818702493,3584.009200892246,3237.224593550561,3263.4544577594243,2273.9247871036287,1894.8589586729747,1755.1045939945197,3853.653615374965,3311.4835254986074,3437.7915516694597,3692.8023101156127,3898.7258258888896,3588.3540607898876,2234.234975345162,4441.0208526365695,3311.2569697298227,3584.009200892246,4162.793648870301,4330.129515922584,4648.940143453383,4619.267967745218,4363.326021706874,2220.0771216189482,1914.495966235304,1787.5747607015112,4149.90610772781,4246.486463518165,4071.3227457492203,4090.893621146909,2402.446661270379,2381.936141319726,2425.66218047263,2242.391951701517,2329.829357378056,943.8530539959694,6101.7718216316625,6675.333707504882,6708.069952766641,6708.069952766641,6708.069952766641,3337.9886243512574,3198.00447485577,5510.203931807004,7359.14575673805,7200.01709340955,7053.648795177827,7583.678200621355,5866.276827755486,6049.10530060101,3918.958062102285,6406.940780686381,6406.940780686381,6406.940780686381,6362.66805877997,6343.590377407322,6197.1844031697165,6197.1844031697165,6708.069952766641,6708.069952766641,6708.069952766641,7503.261685920184,6667.186914541391,5766.3368984736035,6187.185019523882,6660.999566893434,6678.485534514567,6660.999566893434,6325.42512106767,926.1134301311349,0.0,448.3780962846583,4024.7646204195803,5720.933799340925,5420.23997876753,5836.24404264475,5929.844633049974,6103.456882579288,5769.738991495588,6134.6997496319445,5987.584898921489,5998.675152841044,5983.608291327738,2080.9836599886316,2193.6068434367726,3608.566191778298,2793.150327009273,2903.117207756905,1587.332262348376,1753.6602208440795,1226.2766515260041,257.1753734608128,6245.337835798279,6635.805916692469,6662.877597615562,1374.9438482187209,2785.268064343351,2719.624494108705,4892.088167098387,4886.334060684451,3054.7886454544105,1816.173856034417,6397.968693032605,3560.9411459956164,3469.5248649572604
108,1427.076864223634,2083.1097976080664,3246.6720030890788,2967.8034064844337,2903.3833139072317,3192.735039716659,3333.5727480255873,4665.235557869327,3578.085608510352,3766.714121558014,4196.44639479052,4652.907035614017,3740.9458722568875,3740.9458722568875,3740.9458722568875,3915.463225322123,3887.1987070526743,3887.1987070526743,3784.348127484082,4391.587715685032,2903.3833139072317,2831.861481436286,4244.104542541888,3753.943505895296,4273.010784647126,4170.825478822627,4209.333935933009,3766.714121558014,3372.198472781652,3262.527559483242,1767.7140979579276,1752.3237462565921,1740.1381350695751,4448.419042096795,4407.029717902599,4407.029717902599,3614.891568932958,3630.5494879549547,3283.7648806132697,3309.994744822133,2300.674139718845,1941.3992457356833,1801.6448810572283,3900.1939024376734,3358.023812561316,3484.3318387321683,3739.3425971783213,3945.266112951598,3634.894347852596,2280.7752624078707,4487.561139699277,3357.7972567925312,3630.5494879549547,4209.333935933009,4376.669802985292,4695.4804305160915,4665.8082548079265,4409.866308769582,2266.617408681657,1961.0362532980125,1834.1150477642198,4196.44639479052,4293.026750580873,4117.863032811929,4137.433908209618,2180.93930205384,2507.2808951320967,2551.0069342850006,2395.1974097073607,2448.818763049279,1392.2311502806278,6247.277912102384,6820.839797975604,6853.576043237363,6853.576043237363,6853.576043237363,3490.794082357101,3350.8099328616136,5663.009389812848,7511.951214743894,7352.822551415394,7206.4542531836705,7736.483658627199,6011.782918226208,6194.611391071731,3697.450702885745,6559.746238692224,6559.746238692224,6559.746238692224,6515.473516785813,6496.3958354131655,6349.98986117556,6349.98986117556,6853.576043237363,6853.576043237363,6853.576043237363,7656.067143926028,6819.9923725472345,5919.142356479447,6339.9904775297255,6806.505657364156,6823.991624985289,6806.505657364156,6470.931211538392,1374.4915264157937,448.3780962846583,0.0,4112.8787885507245,5873.73925734677,5573.045436773375,5989.049500650594,6075.350723520695,6248.962973050009,5915.24508196631,6280.205840102666,6133.090989392211,6144.181243311766,6129.114381798459,2233.789117994476,2346.412301442617,3696.680359909443,2881.2644951404177,2991.2313758880496,1675.4464304795206,1879.3955201966933,1004.7692923094645,705.553469745471,6390.843926269001,6781.31200716319,6808.383688086284,1776.9544333007793,2938.0735223491947,2807.7386622398503,4980.202335229533,4974.448228815597,3207.5941034602542,1904.2880241655616,6550.7741510384485,3713.74660400146,3622.330322963104
109,5493.790612998721,6061.334130964939,7224.896336445947,6946.027739841302,6881.607647264101,7170.959373073528,7311.797081382456,8643.459891226197,7556.30994186722,7744.938454914883,8174.67072814739,8631.131368970888,7719.170205613756,7719.170205613756,7719.170205613756,7893.68755867899,7865.4230404095415,7865.4230404095415,7762.57246084095,8369.812049041902,6881.607647264101,6810.085814793155,8222.328875898756,7732.167839252165,8251.235118003997,8149.049812179495,8187.558269289878,7744.938454914883,7350.422806138523,7240.751892840111,5751.851355970062,5819.037495031677,5806.851883844661,8426.643375453663,8385.254051259462,8385.254051259462,7593.115902289827,7608.773821311824,7261.98921397014,7288.219078179003,6298.689407523207,5919.623579092553,5779.869214414097,7878.418235794541,7336.248145918184,7462.556172089037,7717.566930535189,7923.490446308464,7613.118681209464,6258.99959576474,8465.785473056147,7336.021590149399,7608.773821311824,8187.558269289878,8354.894136342162,8673.704763872958,8644.032588164793,8388.090642126446,6244.841742038525,5939.260586654884,5812.339381121089,8174.67072814739,8271.251083937741,8096.087366168797,8115.658241566486,4843.002454045515,2083.9520669810513,2040.2260278281476,2340.063910606112,1997.993696540051,3226.888763760806,2681.3705193783803,3263.2684237349035,3296.004668996663,3296.004668996663,3296.004668996663,1803.0717225078606,1423.3716955095358,2936.119180485277,4136.622674516861,3977.4940111883643,3831.125712956641,4361.15511840017,2445.8755255022033,2628.7039983477275,5890.666511360015,3184.417698465195,3184.417698465195,3184.417698465195,3140.144976558784,3121.067295186135,2974.6613209485336,2974.6613209485336,3296.004668996663,3296.004668996663,3296.004668996663,4280.738603698999,3444.663832320206,2543.8138162524183,2964.6619373026997,3248.934283123457,3266.4202507445893,3248.934283123457,2913.3598372976917,3460.265657722238,4024.76462041958,4112.878788550726,0.0,3291.5027518345887,2990.808931261193,3406.8129951384135,2509.4433307966933,2683.0555803260063,2349.3376892423075,2714.298447378663,2567.1835966682065,2578.2738505877614,2563.2069890744574,2582.8369683161395,2680.80419455919,2362.4422700379796,2131.1425810136243,2050.372891289822,2437.4323580712057,2627.7728287047316,5114.603450284072,4170.061876865368,2833.272552028302,3215.404614439184,3242.476295362277,3596.6799963021267,2976.14984522677,3866.529918608943,1234.7365404344505,1228.9824340205141,2599.6185664248264,2642.3486368367962,3175.4456108114177,1860.8125216773262,2556.2372616797925
110,7189.959791920069,7757.503309886288,8921.065515367296,8642.196918762651,8577.77682618545,8867.128551994881,9007.966260303805,10339.629070147548,9252.479120788568,9441.107633836236,9870.83990706874,10327.300547892239,9415.33938453511,9415.33938453511,9415.33938453511,9589.856737600345,9561.592219330896,9561.592219330896,9458.741639762304,10065.981227963252,8577.77682618545,8506.254993714505,9918.498054820107,9428.337018173517,9947.404296925348,9845.21899110085,9883.727448211232,9441.107633836236,9046.591985059868,8936.921071761462,7448.020534891411,7515.2066739530255,7503.021062766009,10122.812554375014,10081.423230180815,10081.423230180815,9289.285081211176,9304.943000233172,8958.158392891492,8984.388257100354,7994.858586444556,7615.792758013902,7476.038393335446,9574.587414715888,9032.417324839533,9158.725351010387,9413.736109456535,9619.659625229815,9309.287860130815,7955.168774686089,10161.954651977496,9032.190769070749,9304.943000233172,9883.727448211232,10051.063315263516,10369.873942794313,10340.201767086148,10084.259821047794,7941.010920959874,7635.429765576233,7508.508560042438,9870.83990706874,9967.420262859096,9792.256545090151,9811.82742048784,6926.592156708409,3461.011984123649,3417.2859449707453,3601.1900609652353,3528.4217312533765,4923.05794268215,3908.9629486360996,2959.867544498386,2992.6037897601454,2992.6037897601454,2992.6037897601454,3574.6743906622783,3433.165932895217,846.9984399612605,3407.941206820959,3248.8125434924623,3102.444245260739,3632.473650704267,3673.4679547599226,3856.2964276054468,7974.256214022908,2455.7362307692924,2455.7362307692924,2455.7362307692924,2411.4635088628816,2392.3858274902327,2245.9798532526306,2245.9798532526306,2992.6037897601454,2992.6037897601454,2992.6037897601454,3552.0571360030976,2715.982364624304,1815.1323485565158,2235.9804696067968,3265.465087721066,3282.9510553421983,3265.465087721066,2796.3476826499427,5154.958805858648,5720.933799340927,5873.739257346773,3291.502751834587,0.0,586.0415374837319,288.92737321355867,3737.0357600544125,3910.6480095837255,3576.9301185000268,3964.2056631110086,3794.7760259259258,3805.8662798454807,3790.7994183321766,3843.9631186752626,3941.930344918313,5086.917913164477,4855.618224140122,4774.848534416319,4280.891997716503,4075.1118963046474,6875.463919080119,5866.231055786714,3048.4850806579075,4465.311830171532,4492.383511094626,5256.705633643779,4237.275995585893,5950.119621271838,3203.957919504997,3198.2038130910605,2926.015319496606,5046.668983197546,2446.7641431155153,3632.4151898317436,3030.7117919208113
112,6889.265971346672,7456.809489312891,8620.3716947939,8341.503098189254,8277.083005612054,8566.434731421485,8707.272439730408,10038.935249574153,8951.785300215171,9140.413813262838,9570.146086495344,10026.606727318844,9114.64556396171,9114.64556396171,9114.64556396171,9289.162917026946,9260.898398757497,9260.898398757497,9158.047819188905,9765.287407389857,8277.083005612054,8205.561173141108,9617.804234246709,9127.643197600119,9646.71047635195,9544.525170527451,9583.033627637833,9140.413813262838,8745.898164486473,8636.227251188064,7147.326714318015,7214.512853379629,7202.327242192612,9822.118733801617,9780.729409607417,9780.729409607417,8988.591260637779,9004.249179659775,8657.464572318093,8683.694436526956,7694.164765871159,7315.098937440505,7175.344572762049,9273.893594142492,8731.723504266136,8858.031530436989,9113.042288883138,9318.965804656418,9008.594039557416,7654.474954112692,9861.260831404097,8731.496948497352,9004.249179659775,9583.033627637833,9750.369494690118,10069.180122220914,10039.50794651275,9783.566000474397,7640.317100386477,7334.735945002836,7207.814739469041,9570.146086495344,9666.726442285699,9491.562724516752,9511.133599914441,6625.898336135014,3160.3181635502533,3116.5921243973494,3300.4962403918394,3227.7279106799806,4622.364122108753,3608.2691280627037,2627.3265348815175,2660.062780143277,2660.062780143277,2660.062780143277,3273.980570088882,3132.4721123218205,424.1435260069298,3075.4001972040905,2916.271533875594,2769.9032356438706,3299.932641087398,3372.7741341865267,3555.602607032051,7673.562393449513,2123.1952211524235,2123.1952211524235,2123.1952211524235,2078.9224992460126,2059.8448178733647,1913.4388436357626,1913.4388436357626,2660.062780143277,2660.062780143277,2660.062780143277,3219.5161263862287,2383.4413550074355,1482.5913389396476,1903.439459989928,2932.9240781041976,2950.41004572533,2932.9240781041976,2463.8066730330743,4854.264985285251,5420.23997876753,5573.045436773376,2990.8089312611905,586.0415374837319,0.0,701.3517807875567,3436.3419394810167,3609.9541890103296,3276.236297926631,3663.5118425376118,3494.08220535253,3505.172459272085,3490.1055977587807,3543.2692981018668,3641.236524344917,4786.224092591081,4554.924403566726,4474.154713842923,3980.1981771431083,3774.4180757312515,6574.770098506722,5565.537235213317,2747.7912600845116,4164.6180095981335,4191.689690521227,4956.011813070382,3936.5821750124974,5649.425800698443,2903.2640989316,2897.5099925176637,2625.32149892321,4745.975162624151,2114.2231334986477,3331.7213692583473,2730.0179713474154
113,7305.270035223894,7872.813553190112,9036.37575867112,8757.507162066475,8693.087069489275,8982.438795298705,9123.276503607629,10454.939313451372,9367.789364092392,9556.41787714006,9986.150150372563,10442.610791196063,9530.649627838933,9530.649627838933,9530.649627838933,9705.166980904169,9676.90246263472,9676.90246263472,9574.051883066128,10181.291471267075,8693.087069489275,8621.565237018329,10033.808298123931,9543.647261477341,10062.714540229172,9960.529234404674,9999.037691515055,9556.41787714006,9161.902228363691,9052.231315065288,7563.330778195235,7630.51691725685,7618.331306069834,10238.122797678838,10196.733473484639,10196.733473484639,9404.595324515,9420.253243536996,9073.468636195315,9099.698500404178,8110.16882974838,7731.103001317726,7591.34863663927,9689.897658019714,9147.727568143358,9274.035594314213,9529.04635276036,9734.96986853364,9424.598103434639,8070.479017989913,10277.26489528132,9147.501012374572,9420.253243536996,9999.037691515055,10166.37355856734,10485.184186098137,10455.512010389972,10199.570064351617,8056.321164263698,7750.740008880057,7623.818803346262,9986.150150372563,10082.730506162918,9907.566788393975,9927.137663791664,7041.9024000122345,3576.322227427474,3532.59618827457,3716.50030426906,3643.7319745572013,5038.368185985974,4024.2731919399253,3075.1777878022117,3107.914033063971,3107.914033063971,3107.914033063971,3689.9846339661035,3548.476176199042,962.3086832650852,3523.2514501247847,3364.1227867962875,3217.7544885645643,3747.783894008092,3788.7781980637483,3971.6066709092725,8089.566457326734,2571.046474073118,2571.046474073118,2571.046474073118,2526.7737521667073,2507.6960707940584,2361.290096556457,2361.290096556457,3107.914033063971,3107.914033063971,3107.914033063971,3667.3673793069224,2831.292607928129,1930.4425918603413,2351.290712910623,3380.7753310248922,3398.2612986460244,3380.7753310248922,2911.657925953769,5270.269049162473,5836.244042644752,5989.049500650598,3406.812995138412,288.9273732135586,701.3517807875565,0.0,3852.3460033582382,4025.958252887551,3692.2403618038525,4079.5159064148343,3910.0862692297515,3921.1765231493064,3906.1096616360023,3959.2733619790874,4057.240588222138,5202.228156468302,4970.928467443947,4890.158777720144,4396.202241020328,4190.422139608473,6990.774162383944,5981.541299090539,3163.795323961733,4580.622073475358,4607.693754398451,5372.015876947604,4352.5862388897185,6065.4298645756635,3319.2681628088226,3313.514056394886,3041.325562800431,5161.979226501372,2562.074386419341,3747.725433135569,3146.022035224636
114,7398.870625629116,7966.414143595335,9129.976349076343,8851.107752471698,8786.687659894498,9076.039385703929,9216.877094012852,10548.539903856596,9461.389954497616,9650.018467545284,10079.750740777787,10536.211381601286,9624.250218244157,9624.250218244157,9624.250218244157,9798.767571309392,9770.503053039944,9770.503053039944,9667.652473471351,10274.892061672299,8786.687659894498,8715.165827423552,10127.408888529155,9637.247851882565,10156.315130634395,10054.129824809897,10092.638281920279,9650.018467545284,9255.502818768915,9145.831905470512,7656.931368600459,7724.117507662073,7711.931896475056,10331.723388084061,10290.334063889863,10290.334063889863,9498.195914920223,9513.85383394222,9167.069226600539,9193.299090809402,8203.769420153603,7824.70359172295,7684.949227044493,9783.49824842494,9241.328158548584,9367.636184719437,9622.646943165586,9828.570458938866,9518.198693839862,8164.079608395136,10370.865485686543,9241.101602779796,9513.85383394222,10092.638281920279,10259.974148972564,10578.78477650336,10549.112600795195,10293.170654756841,8149.9217546689215,7844.34059928528,7717.419393751486,10079.750740777787,10176.331096568143,10001.167378799199,10020.738254196887,6821.880361602592,3666.5276963351653,3622.8016571822614,3810.1008946742836,3648.2219037600717,5131.968776391197,348.40362362594556,2027.8101984505413,2060.546443712301,2060.546443712301,2060.546443712301,3107.08716218398,2881.9608594270353,3381.6521887051013,3192.091109600746,3059.2146394462234,3000.916409668075,3464.9394989437787,113.05380523022535,401.0701446565982,7869.544418917091,2822.574918500964,2822.574918500964,2822.574918500964,2778.302196594553,2864.1386123949537,2381.906398187561,2381.906398187561,2060.546443712301,2060.546443712301,2060.546443712301,3437.7217407253133,3552.1862488213505,2810.1836306004493,2068.687474507936,2013.476057839094,2030.9620254602257,2013.476057839094,1677.9016120133283,5363.869639567695,5929.844633049975,6075.3507235207,2509.4433307966924,3737.035760054413,3436.341939481017,3852.346003358238,0.0,191.2477419240468,160.1056415543856,420.8804620905998,376.04364492893603,387.13389884849084,71.39915067249727,4052.873952384311,4150.841178627361,4341.320177595053,4110.020488570699,4029.2507988468965,4399.904293041176,4281.757503609124,7077.075385254046,6075.1418894957615,1065.4475666712779,980.1688355375288,1007.2405164606221,5465.6164673528265,4446.186829294942,5845.407826166021,1620.93462154352,1615.1805151295837,4063.2090026314445,4621.226544393873,2918.5169280202363,3164.8279613534455,4026.2742457479635
115,7572.482875158431,8140.02639312465,9303.58859860566,9024.720002001015,8960.299909423815,9249.651635233246,9390.489343542169,10722.152153385912,9635.002204026932,9823.6307170746,10253.362990307103,10709.823631130603,9797.862467773473,9797.862467773473,9797.862467773473,9972.379820838709,9944.11530256926,9944.11530256926,9841.264723000668,10448.504311201616,8960.299909423815,8888.778076952869,10301.021138058471,9810.860101411881,10329.927380163712,10227.742074339214,10266.250531449596,9823.6307170746,9429.115068298232,9319.444154999826,7830.543618129774,7897.729757191388,7885.544146004371,10505.335637613378,10463.94631341918,10463.94631341918,9671.80816444954,9687.466083471536,9340.681476129856,9366.911340338718,8377.38166968292,7998.315841252264,7858.561476573808,9957.110497954254,9414.940408077899,9541.248434248751,9796.2591926949,10002.182708468183,9691.810943369179,8337.691857924454,10544.47773521586,9414.713852309113,9687.466083471536,10266.250531449596,10433.58639850188,10752.397026032677,10722.724850324512,10466.782904286158,8323.534004198238,8017.952848814595,7891.0316432808,10253.362990307103,10349.94334609746,10174.779628328515,10194.350503726204,6995.492611131905,3840.1399458644796,3796.4139067115757,3983.713144203598,3821.834153289386,5305.581025920512,539.6513655499924,2201.4224479798545,2234.158693241614,2234.158693241614,2234.158693241614,3280.699411713294,3055.57310895635,3555.264438234415,3365.703359130059,3232.826888975537,3174.528659197388,3638.5517484730917,304.30154715427216,592.317886580645,8043.156668446404,2996.187168030277,2996.187168030277,2996.187168030277,2951.914446123866,3037.7508619242667,2555.518647716875,2555.518647716875,2234.158693241614,2234.158693241614,2234.158693241614,3611.333990254627,3725.7984983506644,2983.795880129763,2242.2997240372497,2187.088307368408,2204.57427498954,2187.088307368408,1851.513861542642,5537.48188909701,6103.456882579289,6248.962973050013,2683.0555803260063,3910.648009583727,3609.954189010331,4025.9582528875517,191.24774192404678,0.0,333.71789108369927,612.1282040146465,567.2913868529828,578.3816407725376,119.84859125154955,4226.486201913626,4324.453428156676,4514.932427124368,4283.632738100012,4202.863048376209,4573.51654257049,4455.369753138438,7250.687634783359,6248.754139025076,1239.0598162005915,1171.4165774615753,1198.4882583846686,5639.228716882141,4619.799078824257,6019.020075695334,1794.546871072834,1788.7927646588976,4236.821252160758,4794.838793923186,3092.1291775495492,3338.4402108827594,4199.886495277278
116,7238.764984074732,7806.308502040951,8969.870707521959,8691.002110917314,8626.582018340114,8915.933744149545,9056.771452458468,10388.434262302211,9301.284312943231,9489.9128259909,9919.645099223402,10376.105740046902,9464.144576689772,9464.144576689772,9464.144576689772,9638.661929755008,9610.39741148556,9610.39741148556,9507.546831916967,10114.786420117915,8626.582018340114,8555.060185869168,9967.30324697477,9477.14221032818,9996.20948908001,9894.024183255513,9932.532640365895,9489.9128259909,9095.39717721453,8985.726263916127,7496.8257270460745,7564.011866107689,7551.826254920672,10171.617746529677,10130.228422335478,10130.228422335478,9338.090273365839,9353.748192387835,9006.963585046155,9033.193449255017,8043.663778599219,7664.597950168565,7524.843585490109,9623.392606870553,9081.222516994198,9207.530543165052,9462.5413016112,9668.46481738448,9358.093052285478,8003.973966840752,10210.759844132159,9080.995961225412,9353.748192387835,9932.532640365895,10099.86850741818,10418.679134948976,10389.00695924081,10133.065013202457,7989.816113114537,7684.234957730896,7557.313752197101,9919.645099223402,10016.225455013757,9841.061737244814,9860.632612642503,6661.774720048204,3506.4220547807795,3462.6960156278756,3649.995253119898,3488.116262205686,4971.863134836813,486.37127987752814,1867.704556896156,1900.4408021579159,1900.4408021579159,1900.4408021579159,2946.981520629594,2721.855217872649,3221.546547150716,3031.9854680463613,2899.1089978918376,2840.81076811369,3304.8338573893925,180.2989052376946,433.7047588468755,7709.438777362703,2662.469276946579,2662.469276946579,2662.469276946579,2618.1965550401683,2704.032970840569,2221.8007566331753,2221.8007566331753,1900.4408021579159,1900.4408021579159,1900.4408021579159,3277.616099170928,3392.0806072669648,2650.077989046064,1908.5818329535505,1853.3704162847084,1870.8563839058402,1853.3704162847084,1517.7959704589427,5203.763998013311,5769.73899149559,5915.245081966314,2349.3376892423066,3576.9301185000277,3276.236297926632,3692.2403618038525,160.10564155438558,333.7178910836992,0.0,580.9861036449853,372.18435716735485,383.27461108690966,213.86929983214972,3892.7683108299257,3990.735537072976,4181.214536040667,3949.9148470163127,3869.1451572925102,4239.79865148679,4121.651862054738,6916.969743699659,5915.036247941377,905.3419251168922,1140.274477091914,1167.3461580150072,5305.510825798442,4286.081187740556,5685.302184611633,1460.8289799891343,1455.074873575198,3903.1033610770583,4461.120902839485,2758.4112864658514,3004.7223197990593,3866.1686041935777
117,7603.725742211086,8171.269260177305,9334.831465658313,9055.962869053668,8991.54277647647,9280.8945022859,9421.732210594824,10753.395020438566,9666.245071079586,9854.873584127256,10284.605857359757,10741.066498183256,9829.105334826128,9829.105334826128,9829.105334826128,10003.622687891364,9975.358169621915,9975.358169621915,9872.507590053323,10479.747178254269,8991.54277647647,8920.020944005524,10332.264005111127,9842.102968464536,10361.170247216367,10258.98494139187,10297.49339850225,9854.873584127256,9460.357935350885,9350.68702205248,7861.786485182429,7928.972624244043,7916.787013057026,10536.578504666033,10495.189180471834,10495.189180471834,9703.051031502195,9718.708950524191,9371.92434318251,9398.154207391373,8408.624536735575,8029.5587083049195,7889.804343626463,9988.35336500691,9446.183275130554,9572.491301301405,9827.502059747556,10033.425575520836,9723.053810421834,8368.934724977109,10575.720602268515,9445.956719361768,9718.708950524191,10297.49339850225,10464.829265554536,10783.639893085332,10753.967717377167,10498.025771338813,8354.776871250891,8049.19571586725,7922.2745103334555,10284.605857359757,10381.186213150113,10206.02249538117,10225.593370778859,7026.73547818456,3871.3828129171347,3827.656773764231,4014.956011256253,3853.077020342041,5336.823892973167,292.4018609652999,2357.5500775485366,2390.286322810296,2390.286322810296,2390.286322810296,3311.942278765949,3086.815976009005,3608.8220917616964,3521.8309886987413,3388.954518544219,3330.6562887660702,3794.679378041774,430.81674072194676,345.0683819959525,8074.399535499059,3152.314797598959,3152.314797598959,3152.314797598959,3108.042075692548,3193.878491492949,2711.646277285558,2711.646277285558,2390.286322810296,2390.286322810296,2390.286322810296,3767.4616198233093,3881.9261279193474,3089.757848897313,2398.4273536059327,2343.2159369370897,2360.701904558222,2343.2159369370897,2007.6414911113243,5568.724756149665,6134.6997496319445,6280.205840102668,2714.2984473786614,3964.205663111008,3663.511842537612,4079.515906414833,420.88046209059996,612.1282040146469,580.9861036449857,0.0,406.58878367547317,395.49852975591836,492.27961276309725,4257.729068966281,4355.696295209331,4546.175294177023,4314.875605152667,4234.105915428864,4604.759409623145,4486.612620191093,7281.930501836014,6279.997006077731,1198.1597323524927,656.4362441506088,683.507925073702,5670.471583934796,4651.041945876912,6050.262942747989,1825.7897381254895,1820.0356317115532,4268.064119213414,4826.081660975841,3248.2568071182313,3369.6830779354145,4231.129362329933
118,7456.610891500631,8024.154409466848,9187.716614947856,8908.848018343211,8844.427925766011,9133.779651575442,9274.617359884365,10606.280169728108,9519.130220369128,9707.758733416797,10137.4910066493,10593.951647472799,9681.99048411567,9681.99048411567,9681.99048411567,9856.507837180905,9828.243318911456,9828.243318911456,9725.392739342864,10332.632327543812,8844.427925766011,8772.906093295065,10185.149154400668,9694.988117754077,10214.055396505908,10111.87009068141,10150.378547791792,9707.758733416797,9313.243084640428,9203.572171342024,7714.671634471972,7781.857773533587,7769.67216234657,10389.463653955574,10348.074329761375,10348.074329761375,9555.936180791736,9571.594099813732,9224.809492472052,9251.039356680914,8261.509686025118,7882.443857594462,7742.689492916006,9841.238514296452,9299.068424420097,9425.37645059095,9680.387209037099,9886.31072481038,9575.938959711375,8221.81987426665,10428.605751558056,9298.841868651309,9571.594099813732,10150.378547791792,10317.714414844077,10636.525042374873,10606.852866666708,10350.910920628354,8207.662020540436,7902.080865156793,7775.159659622998,10137.4910066493,10234.071362439654,10058.907644670711,10078.4785200684,6879.620627474104,3724.267962206679,3680.541923053775,3867.8411605457973,3705.9621696315853,5189.709042262711,114.18692271017325,2085.550464322055,2118.2867095838146,2118.2867095838146,2118.2867095838146,3164.8274280554933,2939.7011252985494,3439.392454576616,3249.83137547226,3116.954905317737,3058.656675539589,3522.6797648152924,262.98983969871057,61.520401679520646,7927.284684788604,2880.3151843724777,2880.3151843724777,2880.3151843724777,2836.042462466067,2921.8788782664674,2439.646664059075,2439.646664059075,2118.2867095838146,2118.2867095838146,2118.2867095838146,3495.462006596827,3609.9265146928647,2867.923896471964,2126.42774037945,2071.216323710608,2088.7022913317396,2071.216323710608,1735.6418778848422,5421.609905439209,5987.584898921488,6133.090989392213,2567.1835966682065,3794.7760259259276,3494.0822053525317,3910.0862692297524,376.0436449289359,567.2913868529827,372.1843571673547,406.58878367547305,0.0,11.090253919554812,447.4427956014332,4110.614218255824,4208.581444498875,4399.0604434665665,4167.760754442212,4086.9910647184097,4457.64455891269,4339.4977694806375,7134.815651125558,6132.882155367275,1116.9357276935277,965.8771571224021,992.9488380454953,5523.35673322434,4503.927095166455,5903.148092037533,1678.6748874150337,1672.9207810010973,4120.949268502958,4678.966810265386,2976.25719389175,3222.5682272249587,4084.014511619477
119,7467.701145420185,8035.244663386404,9198.806868867412,8919.938272262767,8855.518179685567,9144.869905494998,9285.707613803921,10617.370423647664,9530.220474288684,9718.848987336352,10148.581260568855,10605.041901392355,9693.080738035225,9693.080738035225,9693.080738035225,9867.59809110046,9839.333572831012,9839.333572831012,9736.48299326242,10343.722581463368,8855.518179685567,8783.996347214621,10196.239408320223,9706.078371673633,10225.145650425464,10122.960344600966,10161.468801711348,9718.848987336352,9324.333338559984,9214.66242526158,7725.7618883915275,7792.948027453142,7780.762416266125,10400.55390787513,10359.164583680931,10359.164583680931,9567.026434711292,9582.684353733288,9235.899746391608,9262.12961060047,8272.599939944674,7893.534111514018,7753.779746835562,9852.328768216008,9310.158678339652,9436.466704510505,9691.477462956655,9897.400978729936,9587.02921363093,8232.910128186206,10439.696005477612,9309.932122570865,9582.684353733288,10161.468801711348,10328.804668763632,10647.615296294429,10617.943120586264,10362.00117454791,8218.752274459992,7913.171119076349,7786.249913542554,10148.581260568855,10245.16161635921,10069.997898590267,10089.568773987956,6890.710881393659,3735.3582161262334,3691.6321769733295,3878.9314144653517,3717.05242355114,5200.799296182266,103.09666879061845,2096.6407182416096,2129.376963503369,2129.376963503369,2129.376963503369,3175.9176819750483,2950.791379218104,3450.48270849617,3260.9216293918143,3128.045159237292,3069.746929459143,3533.7700187348473,274.0800936182654,50.43014775996585,7938.37493870816,2891.405438292032,2891.405438292032,2891.405438292032,2847.1327163856213,2932.969132186022,2450.7369179786297,2450.7369179786297,2129.376963503369,2129.376963503369,2129.376963503369,3506.552260516382,3621.016768612419,2879.014150391518,2137.5179942990044,2082.306577630163,2099.7925452512945,2082.306577630163,1746.7321318043969,5432.700159358764,5998.675152841043,6144.181243311767,2578.273850587761,3805.8662798454816,3505.1724592720857,3921.1765231493064,387.13389884849073,578.3816407725376,383.27461108690954,395.49852975591824,11.090253919554812,0.0,458.533049520988,4121.704472175379,4219.6716984184295,4410.1506973861215,4178.851008361766,4098.081318637964,4468.734812832244,4350.588023400192,7145.905905045112,6143.97240928683,1128.0259816130824,954.7869032028473,981.8585841259405,5534.446987143895,4515.017349086011,5914.238345957088,1689.7651413345886,1684.0110349206523,4132.039522422513,4690.057064184941,2987.3474478113044,3233.6584811445136,4095.1047655390316
120,7452.634283906881,8020.177801873098,9183.740007354107,8904.871410749462,8840.451318172261,9129.803043981692,9270.640752290616,10602.303562134359,9515.153612775379,9703.782125823047,10133.51439905555,10589.97503987905,9678.01387652192,9678.01387652192,9678.01387652192,9852.531229587155,9824.266711317707,9824.266711317707,9721.416131749114,10328.655719950062,8840.451318172261,8768.929485701316,10181.172546806918,9691.011510160328,10210.078788912158,10107.89348308766,10146.401940198042,9703.782125823047,9309.266477046678,9199.595563748275,7710.695026878222,7777.881165939837,7765.6955547528205,10385.487046361824,10344.097722167626,10344.097722167626,9551.959573197986,9567.617492219983,9220.832884878302,9247.062749087165,8257.533078431368,7878.467250000713,7738.712885322257,9837.261906702703,9295.091816826347,9421.3998429972,9676.41060144335,9882.33411721663,9571.962352117625,8217.8432666729,10424.629143964306,9294.86526105756,9567.617492219983,10146.401940198042,10313.737807250327,10632.548434781123,10602.876259072958,10346.934313034604,8203.685412946686,7898.104257563044,7771.183052029249,10133.51439905555,10230.094754845906,10054.931037076962,10074.50191247465,6875.644019880355,3720.2913546129294,3676.5653154600254,3863.8645529520477,3701.9855620378357,5185.732434668961,419.80277429844284,2081.5738567283056,2114.310101990065,2114.310101990065,2114.310101990065,3160.8508204617438,2935.7245177048,3435.4158469828662,3245.8547678785103,3112.9782977239875,3054.6800679458393,3518.703157221543,184.45295590272264,472.4692953290955,7923.308077194854,2876.338576778728,2876.338576778728,2876.338576778728,2832.0658548723172,2917.902270672718,2435.6700564653256,2435.6700564653256,2114.310101990065,2114.310101990065,2114.310101990065,3491.4853990030774,3605.949907099115,2863.9472888782143,2122.4511327857003,2067.2397161168583,2084.72568373799,2067.2397161168583,1731.6652702910926,5417.633297845459,5983.608291327739,6129.114381798463,2563.206989074457,3790.799418332178,3490.105597758782,3906.109661636003,71.39915067249727,119.84859125154952,213.8692998321498,492.2796127630971,447.4427956014333,458.53304952098813,0.0,4106.637610662075,4204.604836905125,4395.083835872817,4163.784146848462,4083.01445712466,4453.66795131894,4335.521161886888,7130.839043531809,6128.9055477735255,1119.211224949042,1051.567986210026,1078.6396671331192,5519.380125630591,4499.950487572705,5899.171484443784,1674.6982798212841,1668.9441734073478,4116.972660909209,4674.990202671636,2972.2805862980003,3218.591619631209,4080.0379040257276
121,3550.0096525677704,4117.55317053399,5281.115376014999,5002.246779410354,4937.826686833152,5227.178412642579,5368.016120951507,6699.6789307952495,5612.528981436272,5801.157494483934,6230.889767716442,6687.35040853994,5775.389245182807,5775.389245182807,5775.389245182807,5949.9065982480415,5921.642079978593,5921.642079978593,5818.791500410001,6426.031088610955,4937.826686833152,4866.304854362206,6278.54791546781,5788.386878821217,6307.454157573047,6205.268851748547,6243.777308858929,5801.157494483934,5406.641845707575,5296.970932409162,3808.070395539112,3875.2565346007277,3863.0709234137107,6482.862415022712,6441.473090828519,6441.473090828519,5649.334941858879,5664.992860880875,5318.208253539191,5344.4381177480545,4354.908447092259,3975.8426186616043,3836.088253983151,5934.637275363592,5392.467185487235,5518.775211658088,5773.785970104241,5979.709485877515,5669.337720778515,4315.218635333791,6522.004512625197,5392.240629718451,5664.992860880875,6243.777308858929,6411.113175911212,6729.923803442011,6700.251627733846,6444.3096816955,4301.060781607577,3995.479626223935,3868.5584206901417,6230.889767716442,6327.470123506795,6152.306405737849,6171.8772811355375,3291.6749306550714,532.4497561052124,576.1757952581162,365.4212710358531,615.760434923317,1283.1078033298554,4224.8011409659985,4798.363026839217,4831.099272100976,4831.099272100976,4831.099272100976,1461.0179436855933,1321.0337941901057,3633.2332511413383,5482.175076072387,5323.046412743892,5176.678114512169,5706.7075199556975,3989.3061470898215,4172.134619935346,4339.338987969571,4529.970100020718,4529.970100020718,4529.970100020718,4485.697378114307,4466.619696741659,4320.213722504057,4320.213722504057,4831.099272100976,4831.099272100976,4831.099272100976,5626.291005254527,4790.2162338757325,3889.3662178079426,4310.214338858223,4784.028886227769,4801.514853848902,4784.028886227769,4448.454440402005,1515.0086665063527,2080.9836599886316,2233.789117994475,2582.836968316139,3843.963118675262,3543.2692981018663,3959.273361979087,4052.8739523843115,4226.486201913625,3892.7683108299257,4257.7290689662805,4110.614218255825,4121.70447217538,4106.6376106620755,0.0,200.78550974773202,3204.144092888093,2388.728228119068,2498.6951088666997,645.974771663168,438.9270701212788,3235.5137797278194,2226.280916434419,4368.367155132617,4758.8352360268045,4785.906916949898,1616.755494291484,709.1580384896204,2315.2023952184986,3164.844752312167,3159.090645898231,1177.8179647887466,1411.7517571442115,4520.998012366942,1683.970465329952,1592.5541842915968
122,3662.6328360159114,4230.176353982131,5393.7385594631405,5114.8699628584955,5050.449870281293,5339.8015960907205,5480.639304399649,6812.302114243391,5725.152164884414,5913.780677932075,6343.512951164584,6799.973591988081,5888.012428630948,5888.012428630948,5888.012428630948,6062.529781696183,6034.265263426734,6034.265263426734,5931.414683858143,6538.654272059096,5050.449870281293,4978.928037810348,6391.171098915951,5901.010062269358,6420.077341021189,6317.892035196688,6356.400492307071,5913.780677932075,5519.265029155717,5409.594115857303,3920.6935789872527,3987.8797180488687,3975.6941068618517,6595.485598470854,6554.096274276661,6554.096274276661,5761.95812530702,5777.616044329016,5430.831436987332,5457.061301196196,4467.5316305403985,4088.4658021097457,3948.711437431292,6047.260458811734,5505.090368935376,5631.398395106229,5886.409153552382,6092.332669325657,5781.960904226657,4427.8418187819325,6634.6276960733385,5504.863813166592,5777.616044329016,6356.400492307071,6523.736359359354,6842.546986890153,6812.874811181988,6556.932865143642,4413.6839650557185,4108.102809672076,3981.1816041382826,6343.512951164584,6440.093306954936,6264.92958918599,6284.500464583679,3410.8292879605783,630.416982348263,674.1430215011668,463.3884972789037,713.7276611663676,1395.7309867779966,4322.768367209049,4896.3302530822675,4929.0664983440265,4929.0664983440265,4929.0664983440265,1558.9851699286437,1419.0010204331559,3731.2004773843887,5580.142302315437,5421.01363898694,5274.645340755217,5804.674746198746,4087.273373332872,4270.101846178396,4458.493345275078,4627.937326263767,4627.937326263767,4627.937326263767,4583.664604357356,4564.5869229847085,4418.180948747105,4418.180948747105,4929.0664983440265,4929.0664983440265,4929.0664983440265,5724.258231497575,4888.183460118781,3987.3334440509925,4408.18156510127,4881.99611247082,4899.482080091952,4881.99611247082,4546.421666645056,1627.6318499544936,2193.6068434367726,2346.412301442616,2680.8041945591895,3941.9303449183126,3641.2365243449167,4057.2405882221374,4150.841178627362,4324.453428156676,3990.735537072976,4355.69629520933,4208.5814444988755,4219.67169841843,4204.604836905126,200.78550974773202,0.0,3323.298450193599,2507.882585424574,2617.8494661722057,765.1291289686739,551.5502535694197,3348.1369631759603,2338.90409988256,4466.3343813756655,4856.802462269854,4883.8741431929475,1729.378677739625,593.2607251888526,2434.356752524005,3262.811978555218,3257.0578721412817,1275.7851910317975,1530.9061144497175,4618.9652386099915,1781.9376915730024,1690.5214105346472
123,5077.592184357437,5645.135702323656,6808.697907804664,6529.829311200019,6465.409218622818,6754.760944432245,6895.598652741173,8227.261462584916,7140.111513225937,7328.7400262736,7758.472299506107,8214.932940329607,7302.971776972473,7302.971776972473,7302.971776972473,7477.489130037708,7449.224611768259,7449.224611768259,7346.374032199667,7953.61362040062,6465.409218622818,6393.887386151872,7806.130447257476,7315.969410610883,7835.036689362713,7732.851383538213,7771.359840648595,7328.7400262736,6934.22437749724,6824.553464198829,5335.65292732878,5402.839066390393,5390.653455203376,8010.4449468123785,7969.055622618185,7969.055622618185,7176.917473648545,7192.575392670541,6845.790785328857,6872.020649537721,5882.490978881924,5503.42515045127,5363.670785772814,7462.219807153258,6920.049717276901,7046.357743447755,7301.368501893907,7507.292017667181,7196.920252568181,5842.801167123457,8049.587044414863,6919.823161508117,7192.575392670541,7771.359840648595,7938.695707700878,8257.506335231677,8227.834159523512,7971.892213485166,5828.643313397242,5523.062158013601,5396.140952479806,7758.472299506107,7855.05265529646,7679.888937527515,7699.459812925204,3993.0461529526015,2820.3991998517067,2776.673160698803,3081.7935336423284,2734.0713256521285,2810.6903351195233,4513.247366176738,5090.135459982138,5122.871705243897,5122.871705243897,5122.871705243897,2814.3946366201603,2434.694609621836,4731.534341815166,5932.037835846752,5772.909172518253,5626.54087428653,6156.570279730059,4277.752372300562,4460.580845146085,5040.710210267102,4979.832859795083,4979.832859795083,4979.832859795083,4935.560137888672,4916.482456516024,4770.076482278419,4770.076482278419,5122.871705243897,5122.871705243897,5122.871705243897,6076.153765028888,5240.078993650094,4339.228977582306,4760.077098632584,5075.80131937069,5093.287286991823,5075.80131937069,4740.226873544926,3044.0672290809553,3608.5661917782973,3696.6803599094433,2362.4422700379787,5086.917913164474,4786.224092591079,5202.228156468299,4341.320177595049,4514.932427124363,4181.214536040664,4546.17529417702,4399.060443466565,4410.15069738612,4395.083835872813,3204.144092888093,3323.298450193599,0.0,815.4158647690249,1099.538700621509,2558.169321224925,2823.3160640098104,4698.4050216427895,3753.8634482240846,4660.139588275536,5047.281461237544,5074.353142160638,3180.481567660844,3717.8794682629864,3016.5736175160287,3229.765816716786,3224.0117103028497,3341.3481894610422,1792.3923357438819,4970.860772141307,2872.1354357896257,3297.9668847160083
124,4262.1763195884105,4829.719837554631,5993.282043035639,5714.413446430994,5649.9933538537925,5939.34507966322,6080.182787972148,7411.845597815889,6324.695648456912,6513.3241615045745,6943.056434737082,7399.5170755605795,6487.555912203447,6487.555912203447,6487.555912203447,6662.073265268682,6633.808746999233,6633.808746999233,6530.958167430642,7138.197755631594,5649.9933538537925,5578.471521382847,6990.71458248845,6500.553545841857,7019.620824593688,6917.435518769187,6955.94397587957,6513.3241615045745,6118.808512728215,6009.137599429803,4520.237062559754,4587.4232016213655,4575.237590434349,7195.029082043353,7153.63975784916,7153.63975784916,6361.501608879519,6377.1595279015155,6030.3749205598315,6056.604784768695,5067.0751141128985,4688.009285682246,4548.2549210037905,6646.803942384233,6104.633852507875,6230.941878678729,6485.952637124881,6691.876152898156,6381.504387799156,5027.385302354432,7234.171179645838,6104.407296739091,6377.1595279015155,6955.94397587957,7123.279842931853,7442.090470462652,7412.418294754487,7156.476348716141,5013.227448628217,4707.646293244576,4580.725087710782,6943.056434737082,7039.636790527435,6864.473072758489,6884.043948156178,3177.6302881835754,2574.587921108476,2545.373471674446,2545.103606532995,2502.771636627772,1995.2744703504982,4281.947677152381,4858.835770957781,4891.57201621954,4891.57201621954,4891.57201621954,2583.0949475958046,2203.3949205974804,4500.2346527908085,5700.738146822396,5541.609483493899,5395.241185262175,5925.270590705703,4046.4526832762044,4229.281156121729,4225.294345498075,4748.533170770726,4748.533170770726,4748.533170770726,4704.260448864316,4685.182767491668,4538.776793254063,4538.776793254063,4891.57201621954,4891.57201621954,4891.57201621954,5844.8540760045325,5008.779304625739,4107.929288557951,4528.7774096082285,4844.5016303463335,4861.987597967466,4844.5016303463335,4508.927184520569,2228.65136431193,2793.150327009272,2881.2644951404186,2131.1425810136234,4855.618224140117,4554.924403566722,4970.928467443941,4110.020488570694,4283.632738100008,3949.9148470163086,4314.8756051526625,4167.760754442208,4178.851008361763,4163.7841468484585,2388.728228119068,2507.882585424574,815.4158647690249,0.0,284.1228358524841,1742.7534564559005,2007.9001992407852,3882.989156873763,2938.4475834550594,4428.83989925118,4815.981772213187,4843.05345313628,2365.0657028918195,3096.9413600715056,2201.1577527470026,2998.4661276924303,2992.712021278494,3110.0485004366865,976.976470974857,4739.561083116951,2640.83574676527,3066.6671956916525
125,4372.143200336041,4939.686718302263,6103.248923783271,5824.3803271786255,5759.960234601424,6049.3119604108515,6190.14966871978,7521.812478563521,6434.662529204544,6623.291042252206,7053.023315484714,7509.483956308211,6597.522792951079,6597.522792951079,6597.522792951079,6772.040146016314,6743.775627746865,6743.775627746865,6640.925048178274,7248.164636379226,5759.960234601424,5688.438402130479,7100.681463236082,6610.520426589489,7129.58770534132,7027.402399516819,7065.910856627202,6623.291042252206,6228.775393475847,6119.104480177435,4630.203943307386,4697.390082368997,4685.204471181981,7304.995962790985,7263.6066385967915,7263.6066385967915,6471.468489627151,6487.126408649147,6140.341801307463,6166.571665516327,5177.04199486053,4797.976166429878,4658.2218017514215,6756.770823131865,6214.600733255507,6340.908759426361,6595.919517872513,6801.843033645788,6491.4712685467875,5137.3521831020635,7344.1380603934695,6214.374177486723,6487.126408649147,7065.910856627202,7233.246723679485,7552.057351210284,7522.385175502119,7266.443229463773,5123.194329375849,4817.6131739922075,4690.691968458413,7053.023315484714,7149.6036712750665,6974.439953506121,6994.01082890381,3287.597168931207,2508.329821103548,2464.603781950644,2655.0704872806264,2422.00194690397,2105.2413510981296,4201.1779874285785,4778.066081233978,4810.802326495737,4810.802326495737,4810.802326495737,2502.325257872002,2122.625230873678,4419.464963067007,5619.968457098592,5460.839793770097,5314.471495538373,5844.500900981901,3965.682993552402,4148.511466397926,4335.261226245706,4667.763481046923,4667.763481046923,4667.763481046923,4623.490759140512,4604.413077767864,4458.007103530261,4458.007103530261,4810.802326495737,4810.802326495737,4810.802326495737,5764.0843862807305,4928.009614901937,4027.159598834148,4448.0077198844265,4763.731940622531,4781.217908243663,4763.731940622531,4428.1574947967665,2338.6182450595616,2903.1172077569036,2991.2313758880505,2050.3728912898205,4774.8485344163155,4474.1547138429205,4890.15877772014,4029.250798846892,4202.863048376206,3869.145157292506,4234.1059154288605,4086.991064718405,4098.08131863796,4083.014457124656,2498.6951088666992,2617.849466172205,1099.538700621509,284.1228358524841,0.0,1852.7203372035317,2117.867079988416,3992.956037621395,3048.414464202691,4348.070209527378,4735.212082489385,4762.283763412478,2475.032583639451,3206.908240819137,2311.1246334946345,2917.696437968628,2911.9423315546915,3029.2788107128836,1086.9433517224882,4658.791393393147,2560.0660570414675,2985.8975059678496
126,3056.3582549275156,3623.9017728937342,4787.463978374746,4508.595381770101,4444.175289192899,4733.527015002326,4874.364723311254,6206.0275331549965,5118.877583796019,5307.50609684368,5737.238370076189,6193.699010899687,5281.737847542553,5281.737847542553,5281.737847542553,5456.255200607788,5427.990682338339,5427.990682338339,5325.1401027697475,5932.379690970702,4444.175289192899,4372.653456721953,5784.896517827556,5294.735481180963,5813.802759932793,5711.617454108293,5750.125911218675,5307.50609684368,4912.990448067322,4803.31953476891,3314.418997898857,3381.605136960473,3369.419525773456,5989.211017382459,5947.821693188265,5947.821693188265,5155.683544218626,5171.341463240622,4824.556855898937,4850.786720107801,3861.2570494520046,3482.1912210213495,3342.436856342896,5440.985877723339,4898.815787846982,5025.123814017836,5280.134572463988,5486.058088237262,5175.686323138262,3821.567237693538,6028.353114984944,4898.589232078198,5171.341463240622,5750.125911218675,5917.461778270958,6236.2724058017575,6206.6002300935925,5950.658284055247,3807.4093839673246,3501.8282285836804,3374.907023049887,5737.238370076189,5833.818725866542,5658.655008097595,5678.225883495284,2645.7001589919037,831.8344646525766,875.5605038054804,802.3501500770946,773.3723325697582,789.4564056896003,4571.831481622864,5145.393367496082,5178.129612757841,5178.129612757841,5178.129612757841,1897.9468227268346,1757.9626732313468,4070.16213018258,5919.10395511363,5759.975291785131,5613.606993553408,6143.636398996937,4336.336487746687,4519.164960592211,3693.3642163064033,4966.898979061961,4966.898979061961,4966.898979061961,4922.62625715555,4903.548575782902,4757.142601545296,4757.142601545296,5178.129612757841,5178.129612757841,5178.129612757841,6063.219884295766,5227.145112916972,4326.295096849183,4747.143217899462,5131.059226884634,5148.545194505767,5131.059226884634,4795.48478105887,1022.8332996510327,1587.3322623483764,1675.4464304795204,2437.4323580712057,4280.891997716503,3980.198177143108,4396.202241020328,4399.904293041175,4573.516542570489,4239.79865148679,4604.759409623145,4457.644558912691,4468.734812832246,4453.667951318939,645.9747716631679,765.1291289686737,2558.169321224925,1742.7534564559003,1852.7203372035317,0.0,299.8949762939232,2677.171092212866,1732.6295187941637,4715.39749578948,5105.865576683669,5132.937257606763,1159.2476382309223,1354.187903615606,1669.2276235553315,3304.755904750013,3299.0017983360767,1614.7468438299882,765.7769854810433,4957.926891408185,2120.8993443711934,2029.483063332838
127,3222.6862134232188,3790.229731389438,4953.791936870449,4674.923340265804,4610.503247688603,4899.85497349803,5040.692681806958,6372.355491650699,5285.205542291722,5473.834055339385,5903.566328571892,6360.02696939539,5448.0658060382575,5448.0658060382575,5448.0658060382575,5622.583159103492,5594.318640834043,5594.318640834043,5491.468061265452,6098.707649466404,4610.503247688603,4538.981415217657,5951.22447632326,5461.063439676667,5980.130718428498,5877.945412603997,5916.45386971438,5473.834055339385,5079.318406563025,4969.6474932646115,3480.7469563945606,3547.933095456176,3535.747484269159,6155.538975878163,6114.14965168397,6114.14965168397,5322.011502714329,5337.669421736326,4990.884814394642,5017.114678603505,4027.585007947708,3648.519179517053,3508.7648148385997,5607.313836219042,5065.143746342685,5191.451772513537,5446.46253095969,5652.386046732965,5342.014281633966,3987.8951961892417,6194.681073480648,5064.917190573901,5337.669421736326,5916.45386971438,6083.789736766663,6402.600364297462,6372.928188589297,6116.986242550951,3973.737342463028,3668.156187079384,3541.2349815455905,5903.566328571892,6000.146684362245,5824.982966593299,5844.553841990988,2910.846901776788,628.2759204756469,672.0019596285507,596.5700486652382,633.5355998490506,955.7843641853037,4453.684692190809,5027.246578064029,5059.982823325788,5059.982823325788,5059.982823325788,1692.1667213149785,1552.1825718194907,3864.382028770724,5713.323853701773,5554.195190373275,5407.826892141552,5937.856297585081,4218.189698314633,4401.018171160156,3958.510959091288,4761.118877650104,4761.118877650104,4761.118877650104,4716.846155743693,4697.768474371045,4551.36250013344,4551.36250013344,5059.982823325788,5059.982823325788,5059.982823325788,5857.43978288391,5021.365011505116,4120.514995437327,4541.363116487606,5012.912437452581,5030.398405073714,5012.912437452581,4677.337991626817,1187.6852273618013,1753.6602208440802,1879.3955201966935,2627.7728287047316,4075.111896304648,3774.418075731252,4190.422139608472,4281.757503609121,4455.369753138435,4121.651862054736,4486.612620191091,4339.497769480636,4350.588023400191,4335.521161886885,438.9270701212788,551.5502535694197,2823.31606400981,2007.900199240785,2117.8670799884167,299.89497629392326,0.0,2881.1201819300386,1898.9574772898675,4597.250706357427,4987.718787251615,5014.790468174709,1289.4320551469325,1143.5961986756836,1934.3743663402158,3378.6912465873415,3372.937140173405,1408.9667424181323,1030.9237282659283,4752.146789996328,1915.1192429593373,1823.7029619209816
128,2119.2794738769653,2745.2066089312193,3820.783043249287,3541.914446644642,3565.4801252303846,3854.8318510398117,3995.66955934874,5150.245318846713,4112.820506228011,4378.327803926568,4681.456155767906,5137.916796591404,4352.559554625441,4352.559554625441,4352.559554625441,4527.076907690675,4498.812389421227,4498.812389421227,4395.961809852635,4876.597476662419,3565.4801252303846,3493.958292759439,4855.7182249104435,4365.557188263851,4884.624467015681,4782.439161191181,4820.947618301563,4378.327803926568,3857.2082337590377,3924.6243708063953,2377.544866346881,1676.5941281905516,1664.4085170035346,5110.515853419946,5018.643400271153,5018.643400271153,4276.988380256112,4292.646299278109,3895.378562981825,3921.608427190688,2635.572786401578,2603.4960570588355,2463.741692380381,4562.290713760826,4020.120623884469,4146.428650055322,4401.439408501475,4607.362924274749,4296.991159175749,2942.8720737310236,5149.657951022431,4019.894068115684,4292.646299278109,4820.947618301563,4988.283485353846,5307.094112884645,5277.42193717648,5071.963120092733,2763.874626109269,2623.1330646211654,2496.2118590873724,4681.456155767906,4704.359762429948,4729.476715180483,4749.047590578171,1404.6066910020106,3509.0055568654416,3552.7315960183455,3396.9220714407074,3450.5434247826242,2170.129705521974,7249.002573835731,7822.56445970895,7855.300704970709,7855.300704970709,7855.300704970709,4492.518744090449,4352.53459459496,6664.734051546197,8513.675876477244,8354.547213148744,8208.178914917018,8738.20832036055,7013.507579959554,7196.336052805078,2692.6814105762805,7561.470900425571,7561.470900425571,7561.470900425571,7517.19817851916,7498.120497146512,7351.7145229089065,7351.7145229089065,7855.300704970709,7855.300704970709,7855.300704970709,8657.79180565938,7821.717034280581,6920.8670182127935,7341.715139263072,7808.230319097503,7825.716286718635,7808.230319097503,7472.6558732717385,2152.390081657139,1226.2766515260037,1004.7692923094642,5114.603450284071,6875.463919080119,6574.770098506724,6990.774162383944,7077.075385254042,7250.687634783356,6916.969743699657,7281.930501836013,7134.815651125557,7145.905905045112,7130.839043531806,3235.5137797278226,3348.136963175963,4698.405021642787,3882.989156873763,3992.956037621395,2677.1710922128655,2881.1201819300395,0.0,1483.4520249868165,7392.5685880023475,7783.036668896537,7810.10834981963,2601.2204997447243,3939.798184082542,2706.914167952934,5981.926996962879,5976.172890548943,4209.3187651936005,2906.012685898907,7552.498812771795,4715.471265734809,4624.054984696451
129,1726.201366039953,2293.7448840061707,3457.307089487184,3178.438492882539,3114.018400305336,3403.370126114763,3544.2078344236916,4875.870644267433,3788.720694908457,3977.3492079561183,4407.081481188626,4863.542122012123,3951.5809586549917,3951.5809586549917,3951.5809586549917,4126.098311720227,4097.833793450778,4097.833793450778,3994.983213882186,4602.222802083138,3114.018400305336,3042.49656783439,4454.739628939992,3964.5785922934,4483.645871045231,4381.460565220732,4419.9690223311145,3977.3492079561183,3582.8335591797572,3473.1626458813466,1984.262109011294,2051.448248072911,2039.2626368858944,4659.054128494898,4617.664804300704,4617.664804300704,3825.526655331062,3841.184574353059,3494.399967011374,3520.629831220237,2531.100160564442,2152.0343321337878,2012.2799674553328,4110.828988835778,3568.65889895942,3694.966925130273,3949.9776835764255,4155.901199349702,3845.5294342507004,2491.410348805975,4698.196226097382,3568.4323431906355,3841.184574353059,4419.9690223311145,4587.3048893833975,4906.115516914197,4876.443341206032,4620.501395167685,2477.252495079762,2171.671339696117,2044.7501341623242,4407.081481188626,4503.6618369789785,4328.498119210034,4348.068994607723,2659.622034731192,2527.233397765514,2570.959436918418,2387.689208147304,2475.126613823843,1089.1503104417566,6247.069078077449,6820.630963950669,6853.367209212428,6853.367209212428,6853.367209212428,3483.2858807970442,3343.3017313015566,5655.5011882527915,7504.443013183836,7345.314349855336,7198.946051623613,7728.975457067142,6011.574084201273,6194.402557046797,4176.133435563097,6552.238037132167,6552.238037132167,6552.238037132167,6507.965315225756,6488.887633853108,6342.481659615502,6342.481659615502,6853.367209212428,6853.367209212428,6853.367209212428,7648.558942365971,6812.484170987177,5911.634154919389,6332.482275969668,6806.296823339221,6823.782790960354,6806.296823339221,6470.722377513457,1071.4106865769224,257.1753734608128,705.5534697454711,4170.061876865368,5866.231055786713,5565.537235213318,5981.541299090538,6075.141889495761,6248.754139025074,5915.036247941375,6279.997006077731,6132.882155367276,6143.972409286831,6128.905547773525,2226.2809164344194,2338.90409988256,3753.8634482240855,2938.4475834550603,3048.414464202692,1732.6295187941632,1898.9574772898668,1483.4520249868167,0.0,6390.635092244066,6781.103173138255,6808.174854061349,1520.2411046645082,2930.565320789138,2864.921750554493,5037.385423544176,5031.63131713024,3200.0859019001973,1961.4711124802043,6543.265949478391,3706.238402441403,3614.8221214030473
130,7714.363828377423,8281.90734634364,9445.469551824648,9166.600955220003,9102.180862642806,9391.532588452237,9532.37029676116,10864.0331066049,9776.88315724592,9965.511670293592,10395.243943526091,10851.70458434959,9939.743420992465,9939.743420992465,9939.743420992465,10114.2607740577,10085.996255788252,10085.996255788252,9983.14567621966,10590.385264420604,9102.180862642806,9030.65903017186,10442.902091277463,9952.741054630873,10471.808333382703,10369.623027558206,10408.131484668587,9965.511670293592,9570.99602151722,9461.325108218814,7972.4245713487635,8039.6107104103785,8027.425099223362,10647.21659083237,10605.82726663817,10605.82726663817,9813.689117668531,9829.347036690528,9482.562429348847,9508.79229355771,8519.262622901912,8140.196794471254,8000.442429792798,10098.991451173246,9556.82136129689,9683.12938746774,9938.140145913892,10144.063661687174,9833.69189658817,8479.572811143446,10686.358688434852,9556.594805528104,9829.347036690528,10408.131484668587,10575.467351720872,10894.277979251669,10864.605803543503,10608.66385750515,8465.414957417226,8159.833802033585,8032.91259649979,10395.243943526091,10491.824299316448,10316.660581547507,10336.231456945196,7140.699772283076,3982.02089908347,3938.294859930566,4125.594097422588,3963.7151065083763,5447.461979139503,1231.122650403701,1159.390345196044,1192.126590457804,1192.126590457804,1192.126590457804,3342.2205446045045,3197.4540621753404,2693.1015093085966,2323.6712563462506,2190.7947861917246,2132.496556413578,2596.51964568928,1000.7437206575554,1178.4561293730483,8188.363829597575,1954.1550652464673,1954.1550652464673,1954.1550652464673,1909.8823433400564,1995.718759140458,1513.4865449330644,1513.4865449330644,1192.126590457804,1192.126590457804,1192.126590457804,2569.3018874708146,2683.7663955668545,1957.5267154913226,1200.2676212534393,1145.0562045845966,1162.5421722057285,1145.0562045845966,809.4817587588312,5679.362842316001,6245.33783579828,6390.843926269004,2833.2725520283007,3048.4850806579084,2747.7912600845125,3163.795323961733,1065.4475666712779,1239.0598162005913,905.3419251168922,1198.1597323524925,1116.9357276935277,1128.0259816130824,1119.211224949042,4368.367155132616,4466.3343813756655,4660.139588275538,4428.839899251183,4348.07020952738,4715.397495789481,4597.250706357428,7392.56858800235,6390.635092244067,0.0,1854.5959765031012,1881.6676574261944,5781.109670101132,4761.680032043247,6164.227236846505,1944.7638427751288,1939.0097363611924,4032.8067901464096,4940.045955074357,2050.0970747657407,3399.96134377397,4137.503262570614
131,8104.831909271607,8672.375427237823,9835.937632718837,9557.069036114191,9492.648943536991,9782.000669346422,9922.838377655346,11254.501187499089,10167.351238140109,10355.979751187777,10785.71202442028,11242.17266524378,10330.21150188665,10330.21150188665,10330.21150188665,10504.728854951885,10476.464336682437,10476.464336682437,10373.613757113844,10980.853345314792,9492.648943536991,9421.127111066045,10833.370172171648,10343.209135525058,10862.276414276888,10760.09110845239,10798.599565562772,10355.979751187777,9961.464102411408,9851.793189113,8362.892652242948,8430.078791304568,8417.893180117551,11037.684671726554,10996.295347532356,10996.295347532356,10204.157198562716,10219.815117584712,9873.030510243032,9899.260374451895,8909.730703796098,8530.664875365437,8390.910510686985,10489.45953206743,9947.289442191075,10073.597468361924,10328.608226808077,10534.53174258136,10224.159977482355,8870.04089203763,11076.826769329036,9947.062886422289,10219.815117584712,10798.599565562772,10965.935432615057,11284.746060145853,11255.073884437688,10999.131938399334,8855.883038311415,8550.301882927772,8423.380677393974,10785.71202442028,10882.292380210636,10707.128662441692,10726.69953783938,7527.841645245081,4372.488979977655,4328.762940824751,4516.062178316773,4354.183187402563,5837.930060033687,851.6902344122287,2881.1594005847196,2913.895645846479,2913.895645846479,2913.895645846479,3813.0484458264696,3587.9221430695266,4109.9282588222195,4045.4403117349243,3912.5638415804024,3854.2656118022533,4318.288701077958,990.1051141688756,904.3567554428813,8575.50570255958,3675.924120635142,3675.924120635142,3675.924120635142,3631.6513987287312,3717.487814529132,3235.2556003217414,3235.2556003217414,2913.895645846479,2913.895645846479,2913.895645846479,4291.070942859492,4405.535450955532,3590.8640159578363,2922.036676642116,2866.825259973273,2884.3112275944054,2866.825259973273,2531.2508141475078,6069.830923210186,6635.805916692465,6781.312007163189,3215.4046144391837,4465.31183017153,4164.618009598135,4580.622073475355,980.1688355375288,1171.4165774615756,1140.2744770919142,656.4362441506087,965.877157122402,954.7869032028472,1051.5679862100262,4758.835236026801,4856.80246226985,5047.281461237544,4815.981772213188,4735.2120824893855,5105.8655766836655,4987.718787251614,7783.036668896535,6781.103173138252,1854.595976503102,0.0,27.071680923093226,6171.577750995317,5152.1481129374315,6551.36910980851,2326.895905186012,2321.1417987720756,4769.170286273934,5327.187828036363,3771.8661301544143,3870.789244995935,4732.235529390456
132,8131.9035901947,8699.447108160917,9863.009313641931,9584.140717037286,9519.720624460086,9809.072350269516,9949.91005857844,11281.572868422183,10194.422919063203,10383.051432110871,10812.783705343374,11269.244346166874,10357.283182809744,10357.283182809744,10357.283182809744,10531.80053587498,10503.536017605531,10503.536017605531,10400.685438036939,11007.925026237886,9519.720624460086,9448.19879198914,10860.441853094742,10370.280816448152,10889.348095199983,10787.162789375485,10825.671246485867,10383.051432110871,9988.535783334502,9878.864870036094,8389.964333166043,8457.150472227662,8444.964861040646,11064.756352649649,11023.36702845545,11023.36702845545,10231.22887948581,10246.886798507807,9900.102191166126,9926.332055374989,8936.802384719193,8557.736556288532,8417.98219161008,10516.531212990525,9974.36112311417,10100.669149285019,10355.679907731172,10561.603423504454,10251.23165840545,8897.112572960725,11103.89845025213,9974.134567345383,10246.886798507807,10825.671246485867,10993.007113538151,11311.817741068948,11282.145565360783,11026.203619322428,8882.954719234509,8577.373563850866,8450.452358317069,10812.783705343374,10909.36406113373,10734.200343364786,10753.771218762475,7554.913326168175,4399.560660900748,4355.834621747845,4543.133859239866,4381.254868325656,5865.001740956781,878.761915335322,2908.231081507813,2940.9673267695725,2940.9673267695725,2940.9673267695725,3840.120126749563,3614.99382399262,4136.999939745313,4072.511992658018,3939.635522503496,3881.3372927253467,4345.360382001052,1017.1767950919689,931.4284363659746,8602.577383482676,3702.9958015582356,3702.9958015582356,3702.9958015582356,3658.7230796518247,3744.5594954522253,3262.327281244835,3262.327281244835,2940.9673267695725,2940.9673267695725,2940.9673267695725,4318.142623782585,4432.607131878625,3617.9356968809298,2949.1083575652096,2893.8969408963667,2911.382908517499,2893.8969408963667,2558.3224950706012,6096.902604133279,6662.877597615558,6808.383688086282,3242.4762953622776,4492.383511094624,4191.689690521228,4607.693754398449,1007.2405164606221,1198.4882583846688,1167.3461580150074,683.5079250737019,992.9488380454952,981.8585841259404,1078.6396671331195,4785.906916949894,4883.874143192944,5074.353142160638,4843.053453136283,4762.28376341248,5132.937257606758,5014.790468174707,7810.108349819628,6808.174854061345,1881.6676574261953,27.071680923093226,0.0,6198.64943191841,5179.219793860524,6578.4407907316045,2353.9675861091055,2348.213479695169,4796.241967197028,5354.259508959457,3798.937811077508,3897.8609259190284,4759.307210313549
133,2843.96984079786,3411.5133587640785,4575.07556424509,4296.206967640445,4231.786875063243,4521.13860087267,4661.9763091815985,5993.639119025341,4906.4891696663635,5095.117682714024,5524.849955946534,5981.310596770031,5069.349433412897,5069.349433412897,5069.349433412897,5243.866786478132,5215.602268208683,5215.602268208683,5112.751688640092,5719.991276841046,4231.786875063243,4160.2650425922975,5572.5081036979,5082.347067051307,5601.414345803138,5499.229039978637,5537.73749708902,5095.117682714024,4700.602033937666,4590.931120639255,3102.0305837692013,3169.216722830817,3157.0311116438,5776.822603252804,5735.4332790586095,5735.4332790586095,4943.29513008897,4958.953049110966,4612.168441769281,4638.398305978145,3648.868635322349,3269.8028068916938,3130.0484422132404,5228.597463593682,4686.427373717324,4812.735399888181,5067.74615833433,5273.669674107605,4963.297909008607,3609.1788235638824,5815.964700855289,4686.200817948542,4958.953049110966,5537.73749708902,5705.073364141303,6023.883991672102,5994.211815963937,5738.269869925592,3595.020969837669,3289.4398144540246,3162.518608920231,5524.849955946534,5621.430311736886,5446.266593967939,5465.837469365628,3268.012405427824,1917.7079756225792,1961.4340147754829,1778.1637860043693,1865.6011916809086,623.0993135917314,5637.543655934514,6211.105541807734,6243.841787069493,6243.841787069493,6243.841787069493,2873.76045865411,2733.7763091586226,5045.9757661098565,6894.917591040904,6735.788927712404,6589.420629480681,7119.450034924209,5402.048662058338,5584.877134903862,4315.676462742323,5942.712614989235,5942.712614989235,5942.712614989235,5898.439893082824,5879.362211710176,5732.95623747257,5732.95623747257,6243.841787069493,6243.841787069493,6243.841787069493,7039.033520223038,6202.958748844245,5302.108732776457,5722.956853826736,6196.771401196286,6214.257368817419,6196.771401196286,5861.196955370522,448.83041808758594,1374.9438482187209,1776.9544333007796,3596.6799963021267,5256.705633643778,4956.011813070383,5372.015876947603,5465.616467352826,5639.228716882139,5305.51082579844,5670.471583934796,5523.356733224341,5534.446987143896,5519.38012563059,1616.755494291484,1729.378677739625,3180.481567660845,2365.06570289182,2475.032583639452,1159.2476382309226,1289.4320551469323,2601.220499744724,1520.2411046645082,5781.109670101131,6171.5777509953205,6198.649431918414,0.0,2321.0398986462033,2291.5398699912516,4464.003542980934,4458.249436566998,2590.5604797572632,1388.0892319169639,5933.740527335459,3096.712980298469,3005.296699260113
134,4254.2940569224875,4761.685841865093,5985.399780369716,5706.531183765071,5617.877724043634,5907.229449853061,6001.129775224584,7403.963335149966,6316.813385790989,6505.441898838652,6935.174172071159,7391.6348128946565,6479.673649537525,6479.673649537525,6479.673649537525,6654.19100260276,6625.926484333311,6625.926484333311,6523.07590476472,7130.315492965671,5617.877724043634,5546.355891572688,6982.832319822528,6492.671283175935,7011.738561927766,6909.553256103265,6948.061713213648,6505.441898838652,6110.926250062292,5638.952545108134,4512.354799893831,4579.5409389554425,4567.355327768426,7147.161830384792,7145.757495183238,7145.757495183238,6282.448596131955,6345.043898091357,6022.492657893909,6048.722522102773,5059.1928514469755,4680.127023016323,4540.3726583378675,6304.63640249118,5762.4663126148225,5860.7568243570595,5915.754669084159,6349.708613005103,6274.437750120245,5019.5030396885095,7138.731194857585,6025.354283991527,6345.043898091357,6948.061713213648,7115.397580265931,7434.20820779673,7404.536032088565,7077.423335968577,5005.345185962294,4699.764030578653,4572.842825044858,6935.174172071159,7031.754527861512,6856.590810092567,6876.161685490256,3999.8880626075115,925.7626330158434,969.4886721687473,758.7341479464841,1009.0733118339481,1987.3922076845752,4618.114017876631,5191.67590374985,5224.412149011609,5224.412149011609,5224.412149011609,1854.3308205962244,1714.3466711007366,4026.54612805197,5875.487952983019,5716.35928965452,5569.9909914227965,6100.020396866325,4382.619024000454,4565.447496845978,5047.552119922012,4923.282976931349,4923.282976931349,4923.282976931349,4879.0102550249385,4859.932573652291,4713.526599414685,4713.526599414685,5224.412149011609,5224.412149011609,5224.412149011609,6019.603882165155,5183.52911078636,4282.679094718572,4703.5272157688505,5177.341763138402,5194.8277307595345,5177.341763138402,4841.767317312638,2219.2930708610725,2785.268064343349,2938.073522349195,2976.1498452267706,4237.275995585894,3936.582175012498,4352.5862388897185,4446.186829294942,4619.799078824256,4286.081187740557,4651.041945876912,4503.927095166458,4515.0173490860125,4499.950487572706,709.15803848962,593.2607251888526,3717.8794682629873,3096.941360071505,3206.908240819137,1354.1879036156058,1143.5961986756836,3939.7981840825396,2930.5653207891364,4761.680032043247,5152.148112937436,5179.2197938605295,2321.0398986462033,0.0,3023.4155271709387,3558.1576292227987,3552.4035228088624,1571.1308416993777,2119.964889096649,4914.310889277574,2077.2833422405834,1985.8670612022274
135,4164.777218066889,4756.194004654063,5919.7562101350695,5640.8876135304245,5576.467520953224,5865.819246762651,6006.656955071579,7338.31976491532,6251.169815556343,6439.798328604006,6869.530601836513,7325.99124266001,6414.030079302879,6414.030079302879,6414.030079302879,6588.547432368114,6560.282914098665,6560.282914098665,6457.432334530074,7064.671922731025,5576.467520953224,5504.9456884822785,6917.188749587882,6427.027712941289,6946.0949916931195,6843.909685868619,6882.4181429790015,6439.798328604006,6045.282679827646,5935.611766529234,4446.711229659185,4032.3812656202454,4020.1956544332284,7121.503249142785,7080.113924948591,7080.113924948591,6287.975775978951,6303.633695000947,5956.849087659263,5983.078951868127,4838.602857240892,4614.4834527816765,4474.729088103222,6573.278109483665,6031.108019607307,6157.41604577816,6412.426804224313,6618.350319997588,6307.978554898587,4953.859469453863,7160.645346745269,6030.881463838523,6303.633695000947,6882.4181429790015,7049.754010031284,7368.564637562084,7338.892461853919,7082.9505158155725,4939.701615727648,4634.1204603440065,4507.199254810213,6869.530601836513,6966.1109576268655,6790.947239857921,6810.51811525561,1666.451335266397,2501.062088207908,2544.788127360812,2471.577773632426,2442.59995612509,1921.7486374499294,6017.335014747705,6594.223108553105,6626.959353814864,6626.959353814864,6626.959353814864,3567.1744462821666,3427.190296786679,5739.389753737913,7436.125484417716,7276.996821089216,7130.6285228574925,7660.657928301021,5781.840020871528,5964.668493717052,2714.1153925808962,6483.920508366046,6483.920508366046,6483.920508366046,6439.647786459635,6420.5701050869875,6274.164130849382,6274.164130849382,6626.959353814864,6626.959353814864,6626.959353814864,7580.24141359985,6744.1666422210565,5843.316626153269,6264.164747203547,6579.888967941657,6597.37493556279,6579.888967941657,6244.314522115893,2155.1255314113614,2719.6244941087034,2807.7386622398503,3866.529918608944,5950.119621271835,5649.42580069844,6065.42986457566,5845.407826166016,6019.02007569533,5685.302184611631,6050.262942747987,5903.148092037532,5914.2383459570865,5899.17148444378,2315.202395218499,2434.356752524005,3016.573617516028,2201.157752747003,2311.124633494635,1669.2276235553318,1934.3743663402165,2706.9141679529343,2864.9217505544907,6164.227236846502,6551.369109808511,6578.4407907316045,2291.539869991251,3023.415527170937,0.0,4733.8534652877515,4728.099358873816,3283.9744673853197,1224.1812817721463,6474.9484207122705,3790.1269679265256,3698.7106868881697
136,6361.1141596775315,6928.6576776437505,8092.219883124759,7813.351286520114,7748.931193942913,8038.28291975234,8179.120628061268,9510.783437905016,8423.633488546031,8612.262001593695,9041.994274826207,9498.454915649707,8586.493752292568,8586.493752292568,8586.493752292568,8761.011105357804,8732.746587088355,8732.746587088355,8629.896007519763,9237.13559572072,7748.931193942913,7677.409361471967,9089.652422577567,8599.491385930976,9118.558664682807,9016.373358858309,9054.88181596869,8612.262001593695,8217.746352817336,8108.075439518923,6619.174902648874,6686.361041710488,6674.175430523472,9293.966922132475,9252.577597938274,9252.577597938274,8460.439448968638,8476.097367990633,8129.312760648952,8155.542624857815,7166.012954202019,6786.947125771365,6647.192761092909,8745.741782473351,8203.571692596995,8329.879718767848,8584.890477213998,8790.813992987278,8480.442227888276,7126.323142443552,9333.109019734957,8203.345136828211,8476.097367990633,9054.88181596869,9222.217683020976,9541.028310551772,9511.356134843607,9255.414188805256,7112.165288717337,6806.584133333696,6679.662927799901,9041.994274826207,9138.574630616562,8963.41091284761,8982.981788245299,5710.326000724323,2765.9745573353794,2722.2485181824754,2922.071694602141,2745.155646738291,4094.212310439613,1792.861810125208,2374.759714481732,2407.4959597434913,2407.4959597434913,2407.4959597434913,2254.8887780220753,2004.6864975496408,2848.5743481556838,3539.0406256319366,3406.164155477414,3347.865925699265,3811.8890149749695,1557.3668162490294,1740.1952890945552,6757.990058038823,2970.113987504077,2970.113987504077,2970.113987504077,2925.8412655976663,2906.7635842250174,2728.8559142187532,2728.8559142187532,2407.4959597434913,2407.4959597434913,2407.4959597434913,3784.671256756504,3230.3601213590887,2329.5101052913005,2415.636990539128,2360.425573870285,2377.911541491417,2360.425573870285,2024.8511280445196,4327.589204401045,4892.08816709839,4980.202335229535,1234.736540434451,3203.9579195049955,2903.2640989315996,3319.2681628088203,1620.9346215435196,1794.546871072833,1460.8289799891343,1825.789738125489,1678.6748874150346,1689.7651413345893,1674.6982798212837,3164.844752312169,3262.8119785552194,3229.765816716786,2998.466127692432,2917.6964379686297,3304.7559047500126,3378.6912465873424,5981.92699696288,5037.385423544177,1944.7638427751288,2326.8959051860106,2353.9675861091036,4464.003542980934,3558.1576292227996,4733.853465287752,0.0,200.50800253625766,3181.626350420855,3509.6721835156045,2961.1418998503,2312.6295771915406,3138.245045675821
137,6355.3600532635965,6922.903571229814,8086.465776710822,7807.597180106177,7743.177087528976,8032.528813338403,8173.366521647331,9505.02933149108,8417.879382132094,8606.507895179759,9036.24016841227,9492.70080923577,8580.739645878632,8580.739645878632,8580.739645878632,8755.256998943867,8726.992480674418,8726.992480674418,8624.141901105826,9231.381489306783,7743.177087528976,7671.65525505803,9083.89831616363,8593.73727951704,9112.80455826887,9010.619252444372,9049.127709554754,8606.507895179759,8211.992246403399,8102.3213331049865,6613.420796234937,6680.606935296552,6668.421324109536,9288.212815718538,9246.823491524337,9246.823491524337,8454.685342554701,8470.343261576696,8123.558654235015,8149.788518443878,7160.258847788082,6781.193019357428,6641.438654678972,8739.987676059414,8197.817586183059,8324.125612353911,8579.13637080006,8785.059886573341,8474.688121474339,7120.569036029615,9327.35491332102,8197.591030414274,8470.343261576696,9049.127709554754,9216.463576607039,9535.274204137835,9505.60202842967,9249.66008239132,7106.4111823034,6800.830026919759,6673.908821385964,9036.24016841227,9132.820524202625,8957.656806433673,8977.227681831362,5704.571894310387,2760.220450921443,2716.494411768539,2916.317588188205,2739.4015403243548,4088.4582040256764,1787.1077037112716,2369.005608067796,2401.7418533295554,2401.7418533295554,2401.7418533295554,2249.1346716081393,1998.9323911357044,2842.8202417417474,3533.2865192180006,3400.4100490634783,3342.111819285329,3806.1349085610336,1551.612709835093,1734.4411826806188,6752.235951624886,2964.359881090141,2964.359881090141,2964.359881090141,2920.08715918373,2901.009477811081,2723.1018078048173,2723.1018078048173,2401.7418533295554,2401.7418533295554,2401.7418533295554,3778.917150342568,3224.6060149451523,2323.755998877364,2409.882884125192,2354.671467456349,2372.1574350774813,2354.671467456349,2019.0970216305834,4321.835097987109,4886.334060684454,4974.448228815598,1228.9824340205148,3198.203813091059,2897.5099925176632,3313.514056394884,1615.1805151295832,1788.7927646588967,1455.074873575198,1820.0356317115527,1672.9207810010982,1684.011034920653,1668.9441734073473,3159.090645898232,3257.0578721412826,3224.0117103028497,2992.7120212784957,2911.9423315546933,3299.0017983360763,3372.9371401734056,5976.1728905489435,5031.631317130241,1939.0097363611928,2321.1417987720743,2348.2134796951673,4458.249436566997,3552.403522808863,4728.099358873816,200.5080025362577,0.0,3175.8722440069187,3503.918077101668,2955.3877934363636,2306.8754707776047,3132.4909392618847
138,4523.8146380335465,5091.358155999767,6254.920361480776,5976.051764876131,5911.6316722989295,6200.983398108357,6341.821106417285,7673.483916261026,6586.333966902049,6774.962479949711,7204.694753182219,7661.1553940057165,6749.194230648584,6749.194230648584,6749.194230648584,6923.711583713819,6895.44706544437,6895.44706544437,6792.596485875779,7399.836074076731,5911.6316722989295,5840.109839827984,7252.352900933587,6762.191864286994,7281.259143038825,7179.073837214324,7217.582294324707,6774.962479949711,6380.446831173352,6270.77591787494,4781.875381004891,4849.0615200665015,4836.875908879485,7456.66740048849,7415.278076294297,7415.278076294297,6623.139927324656,6638.7978463466525,6292.013239004968,6318.243103213832,5328.7134325580355,4949.647604127382,4809.893239448926,6908.44226082937,6366.272170953012,6492.580197123866,6747.590955570018,6953.514471343293,6643.142706244293,5289.023620799569,7495.809498090975,6366.045615184228,6638.7978463466525,7217.582294324707,7384.91816137699,7703.728788907789,7674.056613199624,7418.114667161278,5274.865767073354,4969.284611689713,4842.363406155918,7204.694753182219,7301.275108972572,7126.111391203626,7145.682266601315,4260.447002821894,794.866830237133,751.1407910842291,935.0449070787193,862.2765773668602,2256.9127887956347,4235.13619121313,4261.642945772308,4294.379191034067,4294.379191034067,4294.379191034067,1477.7995417942793,1337.8153922987915,2715.285451962682,4709.716608094881,4550.587944766384,4404.219646534661,4934.249051978189,3999.6411973369527,4182.469670182477,5308.1110601363935,3757.5116320432126,3757.5116320432126,3757.5116320432126,3713.2389101368017,3694.161228764153,3547.755254526551,3547.755254526551,4294.379191034067,4294.379191034067,4294.379191034067,4853.832537277018,4017.7577658982236,3116.907749830436,3537.7558708807173,4448.052223076322,4465.538190697454,4448.052223076322,4098.123083923863,2488.813651972131,3054.7886454544087,3207.594103460255,2599.618566424825,2926.015319496606,2625.32149892321,3041.325562800431,4063.2090026314427,4236.821252160757,3903.103361077057,4268.064119213412,4120.949268502956,4132.039522422511,4116.972660909207,1177.8179647887466,1275.7851910317972,3341.3481894610413,3110.0485004366874,3029.278810712885,1614.7468438299877,1408.9667424181316,4209.3187651936,3200.085901900196,4032.806790146409,4769.170286273936,4796.241967197029,2590.560479757262,1571.130841699378,3283.9744673853206,3181.626350420853,3175.872244006917,0.0,2380.5238293110315,3748.5395443894354,1700.752063438638,905.189255680041
139,3285.1998486135567,3852.7433665797757,5016.305572060786,4737.436975456141,4673.01688287894,4962.368608688367,5103.206316997295,6434.869126841037,5347.719177482059,5536.347690529722,5966.079963762229,6422.540604585727,5510.579441228595,5510.579441228595,5510.579441228595,5685.09679429383,5656.832276024381,5656.832276024381,5553.9816964557895,6161.221284656742,4673.01688287894,4601.495050407994,6013.738111513598,5523.577074867005,6042.644353618835,5940.459047794335,5978.967504904717,5536.347690529722,5141.832041753362,5032.16112845495,3543.2605915848985,3610.446730646514,3598.261119459497,6218.0526110685005,6176.663286874307,6176.663286874307,5384.525137904667,5400.183056926663,5053.398449584979,5079.628313793843,4090.098643138046,3711.0328147073915,3571.2784500289376,5669.8274714093795,5127.657381533022,5253.965407703876,5508.976166150028,5714.8996819233025,5404.527916824303,4050.4088313795796,6257.194708670985,5127.430825764239,5400.183056926663,5978.967504904717,6146.303371957,6465.113999487799,6435.441823779634,6179.499877741288,4036.250977653366,3730.6698222697214,3603.7486167359284,5966.079963762229,6062.660319552582,5887.496601783637,5907.067477181326,2200.653817208719,1597.6114501336206,1641.3374892865243,1568.1271355581384,1539.1493180508019,1018.2979993756414,4793.153732975556,5370.041826780956,5402.778072042715,5402.778072042715,5402.778072042715,2663.7238082078784,2523.739658712391,4835.939115663623,6211.944202645569,6052.815539317069,5906.447241085346,6436.476646528875,4557.658739099379,4740.487211944903,3248.317874523219,5259.7392265939,5259.7392265939,5259.7392265939,5215.466504687489,5196.388823314841,5049.982849077235,5049.982849077235,5402.778072042715,5402.778072042715,5402.778072042715,6356.060131827704,5519.98536044891,4619.135344381122,5039.983465431401,5355.707686169509,5373.193653790641,5355.707686169509,5020.133240343745,1251.6748933370739,1816.173856034418,1904.2880241655614,2642.3486368367953,5046.668983197545,4745.97516262415,5161.979226501369,4621.226544393867,4794.838793923181,4461.1209028394815,4826.081660975838,4678.966810265382,4690.057064184937,4674.990202671631,1411.7517571442115,1530.9061144497173,1792.392335743882,976.9764709748567,1086.9433517224882,765.7769854810437,1030.9237282659285,2906.0126858989065,1961.4711124802052,4940.0459550743535,5327.187828036362,5354.259508959455,1388.0892319169636,2119.96488909665,1224.181281772146,3509.6721835156027,3503.9180771016663,2380.5238293110324,0.0,5250.767138940124,2886.6763298522374,2795.2600488138814
140,7866.9946856117485,8434.538203577966,9598.100409058978,9319.231812454333,9254.81171987713,9544.163445686561,9685.001153995485,11016.66396383923,9929.51401448025,10118.142527527916,10547.87480076042,11004.33544158392,10092.37427822679,10092.37427822679,10092.37427822679,10266.891631292025,10238.627113022576,10238.627113022576,10135.776533453984,10743.016121654933,9254.81171987713,9183.289887406185,10595.532948511787,10105.371911865197,10624.439190617028,10522.25388479253,10560.762341902911,10118.142527527916,9723.62687875155,9613.955965453142,8125.055428583091,8192.241567644705,8180.055956457689,10799.847448066694,10758.458123872495,10758.458123872495,9966.319974902855,9981.977893924852,9635.193286583171,9661.423150792034,8671.89348013624,8292.827651705582,8153.073287027126,10251.62230840757,9709.452218531214,9835.760244702067,10090.771003148217,10296.694518921497,9986.322753822495,8632.20366837777,10838.989545669176,9709.225662762428,9981.977893924852,10560.762341902911,10728.098208955196,11046.908836485993,11017.236660777828,10761.294714739473,8618.045814651556,8312.464659267911,8185.543453734118,10547.87480076042,10644.455156550777,10469.291438781831,10488.86231417952,7451.420956148846,4136.395504658901,4092.669465505997,4278.224954656915,4203.805251788628,5600.092836373829,3090.4441166019246,1018.3908112272394,1051.1270564889994,1051.1270564889994,1051.1270564889994,3458.617249639109,3317.1087918720477,1923.5447741410242,1466.4644735498139,1337.1205184845307,1275.2897736171417,1742.8453779820863,2854.949122725747,3037.777595571272,8499.085013463346,514.259497498145,514.259497498145,514.259497498145,469.98677559173416,120.46372418038281,1223.495659192204,1223.495659192204,1051.1270564889994,1051.1270564889994,1051.1270564889994,1712.7269137624717,1487.866556988219,1023.9343204391063,1213.4962755463694,1852.4827918900799,1869.9687595112116,1852.4827918900799,1247.5063471615658,5831.993699550328,6397.968693032607,6550.774151038453,3175.4456108114177,2446.764143115517,2114.2231334986473,2562.074386419342,2918.516928020237,3092.12917754955,2758.4112864658514,3248.2568071182327,2976.257193891751,2987.3474478113058,2972.2805862980013,4520.998012366943,4618.965238609992,4970.860772141309,4739.561083116953,4658.79139339315,4957.926891408185,4752.14678999633,7552.498812771799,6543.265949478394,2050.09707476574,3771.866130154417,3798.93781107751,5933.740527335459,4914.310889277573,6474.948420712275,2961.141899850302,2955.3877934363654,3748.539544389437,5250.767138940128,0.0,3516.3580488085745,3853.2360168136424
141,5029.967138574752,5597.510656540973,6761.072862021982,6482.2042654173365,6417.784172840135,6707.1358986495625,6847.973606958491,8179.636416802232,7092.486467443255,7281.114980490917,7710.847253723425,8167.307894546922,7255.34673118979,7255.34673118979,7255.34673118979,7429.864084255025,7401.599565985576,7401.599565985576,7298.748986416985,7905.988574617937,6417.784172840135,6346.26234036919,7758.505401474793,7268.3443648282,7787.411643580031,7685.22633775553,7723.734794865913,7281.114980490917,6886.599331714558,6776.928418416146,5288.027881546097,5355.214020607709,5343.028409420693,7962.819901029696,7921.4305768355025,7921.4305768355025,7129.292427865862,7144.950346887858,6798.165739546174,6824.395603755038,5834.865933099241,5455.800104668588,5316.045739990132,7414.594761370576,6872.424671494218,6998.732697665072,7253.743456111224,7459.666971884499,7149.2952067854985,5795.176121340774,8001.96199863218,6872.198115725434,7144.950346887858,7723.734794865913,7891.070661918196,8209.881289448995,8180.20911374083,7924.267167702484,5781.01826761456,5475.4371122309185,5348.515906697124,7710.847253723425,7807.4276095137775,7632.263891744832,7651.834767142521,4766.599503363098,1299.3679576219097,1255.641918469006,1441.1974076199247,1366.7777047516372,2763.06528933684,3336.7551499351325,3829.5409173153303,3862.2771625770897,3862.2771625770897,3862.2771625770897,370.8148476778844,534.9141464790373,3277.0316184824333,4477.535112514018,4318.406449185522,4172.038150953799,4702.067556397328,3101.2601560589555,3284.0886289044797,5814.2635606775975,3525.3301364623517,3525.3301364623517,3525.3301364623517,3481.057414555941,3461.979733183292,3315.5737589456903,3315.5737589456903,3862.2771625770897,3862.2771625770897,3862.2771625770897,4621.651041696157,3785.576270317363,2884.726254249575,3305.5743752998565,3815.206776703884,3832.692744325016,3815.206776703884,3479.6323308781184,2994.966152513336,3560.941145995614,3713.746604001461,1860.812521677326,3632.415189831745,3331.721369258349,3747.72543313557,3164.8279613534455,3338.4402108827585,3004.7223197990597,3369.683077935415,3222.5682272249587,3233.6584811445136,3218.5916196312096,1683.970465329952,1781.9376915730027,2872.1354357896244,2640.835746765271,2560.0660570414684,2120.899344371193,1915.119242959337,4715.471265734807,3706.2384024414014,3399.961343773971,3870.7892449959363,3897.8609259190293,3096.712980298467,2077.2833422405834,3790.1269679265256,2312.62957719154,2306.875470777604,1700.752063438638,2886.6763298522364,3516.3580488085745,0.0,1657.3707586936048
142,4938.550857536397,5506.094375502618,6669.656580983627,6390.7879843789815,6326.36789180178,6615.7196176112075,6756.557325920136,8088.220135763877,7001.0701864049,7189.698699452562,7619.43097268507,8075.891613508567,7163.930450151435,7163.930450151435,7163.930450151435,7338.44780321667,7310.183284947221,7310.183284947221,7207.33270537863,7814.572293579582,6326.36789180178,6254.846059330835,7667.089120436438,7176.928083789845,7695.995362541676,7593.810056717175,7632.318513827558,7189.698699452562,6795.183050676203,6685.512137377791,5196.611600507742,5263.797739569354,5251.612128382338,7871.403619991341,7830.0142957971475,7830.0142957971475,7037.876146827507,7053.534065849503,6706.749458507819,6732.979322716683,5743.449652060886,5364.383823630233,5224.6294589517765,7323.178480332221,6781.008390455863,6907.316416626717,7162.327175072869,7368.250690846144,7057.8789257471435,5703.759840302419,7910.545717593825,6780.781834687079,7053.534065849503,7632.318513827558,7799.654380879841,8118.46500841064,8088.792832702475,7832.850886664129,5689.601986576205,5384.0208311925635,5257.099625658769,7619.43097268507,7716.0113284754225,7540.847610706477,7560.418486104166,4675.183222324744,1209.6030497399827,1165.877010587079,1349.7811265815697,1277.0127968697102,2671.649008298485,4198.201434329651,4366.339418196513,4399.075663458272,4399.075663458272,4399.075663458272,1434.4182370492463,1294.4340875537587,2819.981924386888,4814.413080519087,4655.284417190589,4508.916118958866,5038.945524402395,3962.7064404534744,4145.534913298999,5722.847279639244,3862.208104467418,3862.208104467418,3862.208104467418,3817.935382561007,3798.857701188358,3652.4517269507564,3652.4517269507564,4399.075663458272,4399.075663458272,4399.075663458272,4958.529009701224,4122.454238322429,3221.604222254641,3642.4523433049226,4552.748695500527,4570.23466312166,4552.748695500527,4202.819556348068,2903.549871474981,3469.524864957259,3622.330322963106,2556.2372616797925,3030.7117919208117,2730.017971347416,3146.0220352246365,4026.2742457479644,4199.886495277278,3866.1686041935786,4231.129362329933,4084.014511619478,4095.104765539033,4080.0379040257285,1592.554184291597,1690.5214105346477,3297.9668847160083,3066.6671956916543,2985.897505967852,2029.4830633328381,1823.702961920982,4624.054984696452,3614.8221214030464,4137.503262570616,4732.2355293904575,4759.307210313551,3005.296699260112,1985.8670612022283,3698.7106868881706,3138.24504567582,3132.490939261884,905.1892556800409,2795.260048813882,3853.2360168136406,1657.370758693605,0.0
